{"songID": "7132058", "emotion": 2, "chorus": [[88.44800000000001, 97.69999999999999], [184.123, 192.905], [211.27, 220.919]], "intro": [0, 27.415], "re_intro": [[97.69999999999999, 122.88]], "outro": [220.919, 255.47863945578231], "H_rhythm": ["13.02639455782313", "13.444353741496599", "13.862312925170068", "14.280272108843537", "14.721451247165533", "15.139410430839002", "15.557369614512472", "15.975328798185942", "16.39328798185941", "16.81124716553288", "17.252426303854875", "17.670385487528346", "18.088344671201813", "18.506303854875284", "18.94748299319728", "19.365442176870747", "19.783401360544218", "20.224580498866214", "20.64253968253968", "21.060498866213152", "21.501678004535147", "21.91963718820862", "22.337596371882086", "22.755555555555556", "23.196734693877552", "23.637913832199548", "24.079092970521543", "24.49705215419501", "24.938231292517006", "25.356190476190477", "25.774149659863944", "26.192108843537415", "26.63328798185941", "27.051247165532878", "27.46920634920635", "27.910385487528345", "28.328344671201815", "28.746303854875283", "29.164263038548754", "29.60544217687075", "30.023401360544216", "30.441360544217687", "30.859319727891158", "31.30049886621315", "31.71845804988662", "32.15963718820862", "32.57759637188209", "32.995555555555555", "33.41351473922902", "33.85469387755102", "34.27265306122449", "34.71383219954649", "35.131791383219955", "35.54975056689342", "35.9677097505669", "36.40888888888889", "36.826848072562356", "37.268027210884355", "37.68598639455782", "38.10394557823129", "38.521904761904764", "38.963083900226756", "39.381043083900224", "39.82222222222222", "40.24018140589569", "40.658140589569165", "41.09931972789116", "41.517278911564624", "41.9352380952381", "42.353197278911566", "42.77115646258503", "43.21233560090703", "43.6302947845805", "44.07147392290249", "44.489433106575966", "44.90739229024943", "45.348571428571425", "45.7665306122449", "46.18448979591837", "46.625668934240366", "47.04362811791383", "47.484807256235825", "47.87954648526077", "48.32072562358277", "48.738684807256234", "49.1566439909297", "49.5978231292517", "50.01578231292517", "50.43374149659864", "50.874920634920635", "51.2928798185941", "51.7340589569161", "52.15201814058957", "52.569977324263036", "52.98793650793651", "53.4291156462585", "53.84707482993197", "54.28825396825397", "54.706213151927436", "55.12417233560091", "55.54213151927438", "55.98331065759637", "56.401269841269844", "56.842448979591836", "57.2604081632653", "57.67836734693878", "58.096326530612245", "58.53750566893424", "58.95546485260771", "59.396643990929704", "59.81460317460318", "60.232562358276645", "60.65052154195011", "61.09170068027211", "61.50965986394558", "61.95083900226757", "62.368798185941046", "62.78675736961451", "63.20471655328798", "63.64589569160998", "64.06385487528345", "64.48181405895691", "64.89977324263039", "65.34095238095239", "65.75891156462585", "66.20009070294785", "66.61804988662132", "67.03600907029478", "67.47718820861678", "67.89514739229026", "68.31310657596372", "68.75428571428571", "69.17224489795919", "69.59020408163265", "70.03138321995465", "70.44934240362812", "70.86730158730158", "71.30848072562358", "71.72643990929706", "72.14439909297052", "72.56235827664399", "73.00353741496599", "73.42149659863945", "73.83945578231292", "74.28063492063492", "74.69859410430838", "75.11655328798186", "75.55773242630386", "75.97569160997732", "76.41687074829932", "76.81160997732427", "77.25278911564625", "77.67074829931973", "78.11192743764173", "78.5298866213152", "78.94784580498866", "79.38902494331066", "79.80698412698413", "80.2249433106576", "80.66612244897959", "81.08408163265307", "81.52526077097505", "81.94321995464853", "82.361179138322", "82.77913832199546", "83.22031746031746", "83.63827664399093", "84.0562358276644", "84.4974149659864", "84.91537414965987", "85.33333333333333", "85.77451247165533", "86.1924716553288", "86.61043083900226", "87.02839002267574", "87.46956916099774", "87.8875283446712", "88.3287074829932", "88.74666666666667", "89.16462585034013", "89.5825850340136", "90.0237641723356", "90.44172335600906", "90.88290249433106", "91.32408163265306", "91.74204081632654", "92.16", "92.601179138322", "93.01913832199547", "93.46031746031746", "93.87827664399093", "94.31945578231293", "94.73741496598639", "95.15537414965986", "95.59655328798186", "96.03773242630386", "96.45569160997732", "96.89687074829932", "97.3148299319728", "97.73278911564626", "98.17396825396825", "98.61514739229025", "99.03310657596371", "99.45106575963719", "99.89224489795919", "100.31020408163265", "100.75138321995465", "101.16934240362812", "101.58730158730158", "102.00526077097506", "102.44643990929706", "102.86439909297052", "103.28235827664399", "103.70031746031746", "104.14149659863945", "104.5362358276644", "104.9774149659864", "105.39537414965986", "105.83655328798186", "106.25451247165533", "106.69569160997733", "107.11365079365079", "107.55482993197279", "107.99600907029479", "108.41396825396825", "108.83192743764172", "109.27310657596372", "109.69106575963718", "110.10902494331066", "110.55020408163266", "110.99138321995464", "111.40934240362812", "111.82730158730159", "112.24526077097505", "112.68643990929705", "113.10439909297052", "113.54557823129252", "113.96353741496598", "114.38149659863946", "114.79945578231292", "115.24063492063492", "115.65859410430839", "116.07655328798187", "116.51773242630385", "116.93569160997733", "117.37687074829932", "117.79482993197279", "118.21278911564626", "118.65396825396826", "119.07192743764172", "119.4898866213152", "119.90784580498867", "120.34902494331065", "120.76698412698413", "121.20816326530613", "121.62612244897959", "122.04408163265306", "122.46204081632654", "122.90321995464852", "123.321179138322", "123.73913832199547", "124.15709750566893", "124.59827664399093", "125.0162358276644", "125.43419501133786", "125.85215419501134", "126.29333333333334", "126.7112925170068", "127.12925170068027", "127.57043083900227", "128.01160997732427", "128.4063492063492", "128.8475283446712", "129.26548752834466", "129.70666666666668", "130.12462585034012", "130.5425850340136", "130.96054421768707", "131.40172335600906", "131.81968253968253", "132.26086167800455", "132.678820861678", "133.09678004535147", "133.51473922902494", "133.93269841269841", "134.3738775510204", "134.8150566893424", "135.2330158730159", "135.65097505668933", "136.0689342403628", "136.51011337868482", "136.92807256235827", "137.34603174603174", "137.78721088435375", "138.2051700680272", "138.62312925170068", "139.04108843537415", "139.48226757369613", "139.9002267573696", "140.34140589569162", "140.75936507936507", "141.17732426303854", "141.59528344671202", "142.036462585034", "142.45442176870748", "142.87238095238095", "143.31356009070294", "143.7315192743764", "144.14947845804988", "144.59065759637187", "145.00861678004534", "145.44979591836736", "145.8677551020408", "146.28571428571428", "146.70367346938775", "147.14485260770974", "147.5628117913832", "148.00399092970522", "148.42195011337867", "148.83990929705215", "149.28108843537416", "149.69904761904763", "150.11700680272108", "150.5581859410431", "150.97614512471657", "151.39410430839", "151.8120634920635", "152.2532426303855", "152.67120181405895", "153.08916099773242", "153.5071201814059", "153.94829931972788", "154.36625850340135", "154.80743764172337", "155.2253968253968", "155.66657596371883", "156.0845351473923", "156.50249433106575", "156.92045351473922", "157.36163265306124", "157.77959183673468", "158.2207709750567", "158.63873015873017", "159.05668934240362", "159.4746485260771", "159.9158276643991", "160.33378684807255", "160.75174603174602", "161.19292517006804", "161.61088435374148", "162.02884353741496", "162.47002267573697", "162.88798185941044", "163.32916099773243", "163.7471201814059", "164.16507936507938", "164.58303854875282", "165.02421768707484", "165.4421768707483", "165.8833560090703", "166.30131519274377", "166.74249433106576", 