{"songID": "7006455", "emotion": 1, "chorus": [[96.187, 101.298], [180.549, 185.73100000000002]], "intro": [0, 43.472], "re_intro": [], "outro": [273.49399999999997, 291.8649886621315], "H_rhythm": ["0.06965986394557823", "0.7430385487528345", "4.667210884353741", "5.317369614512471", "5.990748299319728", "6.640907029478458", "7.291065759637188", "7.964444444444444", "9.311201814058958", "9.961360544217687", "10.565079365079365", "11.168798185941043", "11.795736961451247", "12.422675736961452", "13.096054421768708", "13.769433106575963", "14.44281179138322", "15.116190476190477", "15.766349206349206", "16.439727891156462", "17.786485260770974", "18.483083900226756", "19.13324263038549", "19.783401360544218", "20.433560090702947", "21.73387755102041", "22.38403628117914", "23.057414965986396", "23.707573696145126", "24.38095238095238", "25.031111111111112", "25.68126984126984", "26.354648526077096", "27.00480725623583", "27.678185941043083", "28.328344671201815", "29.00172335600907", "29.6518820861678", "30.30204081632653", "30.975419501133786", "31.62557823129252", "32.275736961451244", "32.92589569160998", "33.599274376417235", "34.27265306122449", "34.92281179138322", "35.57297052154195", "36.24634920634921", "36.89650793650794", "37.54666666666667", "38.22004535147392", "38.87020408163265", "39.52036281179139", "40.19374149659864", "40.84390022675737", "41.517278911564624", "42.16743764172335", "42.840816326530614", "43.490975056689344", "44.14113378684807", "44.81451247165533", "45.464671201814056", "46.11482993197279", "46.78820861678005", "47.438367346938776", "48.11174603174603", "48.76190476190476", "49.412063492063496", "50.08544217687075", "50.73560090702948", "51.38575963718821", "52.05913832199546", "52.70929705215419", "53.38267573696145", "54.03283446712018", "54.706213151927436", "55.356371882086165", "56.029750566893426", "56.679909297052156", "57.330068027210885", "58.00344671201814", "58.65360544217687", "59.3037641723356", "59.97714285714286", "60.62730158730159", "61.30068027210884", "61.95083900226757", "62.6009977324263", "63.27437641723356", "63.92453514739229", "64.57469387755103", "65.24807256235827", "65.89823129251701", "66.57160997732426", "67.221768707483", "67.87192743764173", "68.54530612244898", "69.19546485260771", "69.86884353741496", "70.5190022675737", "71.16916099773243", "71.84253968253968", "72.49269841269842", "73.16607709750566", "73.8162358276644", "74.46639455782314", "75.13977324263038", "75.78993197278912", "76.46331065759637", "77.1134693877551", "77.76362811791383", "78.43700680272109", "79.08716553287982", "79.76054421768707", "80.4107029478458", "81.06086167800453", "81.73424036281179", "82.38439909297053", "83.05777777777777", "83.70793650793651", "84.35809523809523", "85.03147392290249", "85.68163265306123", "86.35501133786848", "87.00517006802721", "87.65532879818593", "88.3287074829932", "88.97886621315193", "89.65224489795918", "90.30240362811791", "90.95256235827664", "91.6259410430839", "92.27609977324263", "92.94947845804988", "93.59963718820862", "94.24979591836734", "94.9231746031746", "95.57333333333334", "96.24671201814058", "96.89687074829932", "97.54702947845804", "98.2204081632653", "98.87056689342404", "99.52072562358276", "100.19410430839002", "100.84426303854875", "101.51764172335601", "102.16780045351474", "102.81795918367347", "103.49133786848073", "104.14149659863945", "104.81487528344671", "105.46503401360545", "106.11519274376417", "106.78857142857143", "107.43873015873015", "108.11210884353741", "108.76226757369615", "109.41242630385487", "110.08580498866213", "110.73596371882086", "111.40934240362812", "112.05950113378685", "112.70965986394557", "113.38303854875284", "114.03319727891156", "114.70657596371882", "115.35673469387756", "116.00689342403628", "116.68027210884354", "117.33043083900226", "117.980589569161", "118.65396825396826", "119.30412698412698", "119.97750566893424", "120.62766439909296", "121.2778231292517", "121.95120181405896", "122.60136054421768", "123.25151927437642", "123.92489795918367", "124.59827664399093", "125.24843537414966", "125.89859410430839", "126.54875283446712", "127.22213151927437", "127.89551020408163", "128.54566893424035", "129.1958276643991", "129.86920634920634", "130.5193650793651", "131.1695238095238", "131.84290249433107", "132.4930612244898", "133.14321995464852", "133.81659863945578", "134.4667573696145", "135.14013605442176", "135.7902947845805", "136.46367346938774", "137.1138321995465", "137.78721088435375", "138.43736961451248", "139.0875283446712", "139.73768707482992", "140.41106575963718", "141.0612244897959", "141.73460317460317", "142.38476190476192", "143.05814058956915", "143.7082993197279", "144.35845804988662", "145.03183673469388", "145.6819954648526", "146.33215419501133", "147.0055328798186", "147.6556916099773", "148.32907029478457", "148.97922902494332", "149.62938775510204", "150.3027664399093", "150.95292517006803", "151.60308390022675", "152.276462585034", "152.92662131519273", "153.6", "154.25015873015872", "154.92353741496598", "155.57369614512473", "156.22385487528345", "156.87401360544217", "157.54739229024943", "158.19755102040816", "158.87092970521542", "159.52108843537414", "160.1944671201814", "160.84462585034012", "161.51800453514738", "162.16816326530613", "162.81832199546486", "163.49170068027212", "164.14185941043084", "164.8152380952381", "165.46539682539682", "166.11555555555555", "166.7889342403628", "167.43909297052153", "168.08925170068028", "168.76263038548754", "169.41278911564626", "170.08616780045352", "170.73632653061225", "171.4097052154195", "172.05986394557823", "172.71002267573695", "173.3834013605442", "174.03356009070293", "174.7069387755102", "175.35709750566895", "176.00725623582767", "176.68063492063493", "177.33079365079365", "177.98095238095237", "178.65433106575964", "179.30448979591836", "179.9546485260771", "180.62802721088434", "181.2781859410431", "181.95156462585035", "182.60172335600907", "183.2518820861678", "183.92526077097506", "184.57541950113378", "185.24879818594104", "185.89895691609976", "186.5491156462585", "187.22249433106575", "187.8726530612245", "188.54603174603176", "189.19619047619048", "189.8463492063492", "190.51972789115646", "191.1698866213152", "191.84326530612245", "192.49342403628117", "193.14358276643992", "193.81696145124715", "194.4903401360544", "195.14049886621316", "195.7906575963719", "196.46403628117915", "197.11419501133787", "197.7643537414966", "198.43773242630385", "199.08789115646258", "199.76126984126984", "200.41142857142856", "201.0615873015873", "201.73496598639457", "202.3851247165533", "203.03528344671201", "203.70866213151928", "204.358820861678", "205.03219954648526", "205.68235827664398", "206.35573696145124", "207.00589569160996", "207.65605442176872", "208.30621315192744", "208.9795918367347", "209.62975056689342", "210.30312925170068", "210.9532879818594", "211.62666666666667", "212.2768253968254", "212.92698412698414", "213.60036281179137", "214.25052154195012", "214.90068027210884", "215.5740589569161", "216.22421768707483", "216.87437641723355", "217.5477551020408", "218.19791383219956", "218.8712925170068", "219.52145124716554", "220.17160997732427", "220.84498866213153", "221.49514739229025", "222.1685260770975", "222.81868480725623", "223.4920634920635", "224.14222222222222", "224.79238095238094", "225.4425396825397", "226.11591836734695", "226.76607709750567", "227.43945578231293", "228.08961451247166", "228.73977324263038", "229.41315192743764", "230.06331065759636", "230.73668934240362", "231.38684807256234", "232.0370068027211", "234.0107029478458", "234.68408163265306", "235.35746031746032", "236.00761904761904", "237.33115646258503", "237.98131519274375", "238.654693877551", "239.30485260770976", "239.978231292517", "240.62839002267575", "241.301768707483", "241.95192743764173", "242.60208616780045", "243.25224489795917", "243.92562358276643", "244.57578231292516", "245.24916099773242", "245.89931972789117", 