{"songID": "7036616", "emotion": 5, "chorus": [[92.445, 130.40200000000002], [197.50900000000001, 235.314]], "intro": [0, 43.071], "re_intro": [[130.40200000000002, 147.96699999999998]], "outro": [283.265, 315.82149659863944], "H_rhythm": ["7.337505668934241", "7.801904761904762", "28.374784580498865", "28.908843537414967", "29.442902494331065", "41.749478458049886", "42.283537414965984", "42.81759637188209", "46.04517006802721", "46.57922902494331", "47.11328798185941", "50.340861678004536", "50.874920634920635", "51.40897959183673", "54.61333333333334", "55.147392290249435", "55.68145124716553", "57.817687074829934", "58.37496598639456", "58.909024943310655", "59.44308390022676", "59.97714285714286", "63.181496598639455", "63.715555555555554", "64.27283446712018", "67.47718820861678", "68.01124716553288", "68.54530612244898", "71.74965986394558", "72.28371882086168", "72.8409977324263", "73.3750566893424", "74.97723356009071", "75.51129251700681", "76.0453514739229", "79.27292517006802", "79.80698412698413", "80.3178231292517", "93.15845804988662", "93.71573696145124", "94.24979591836734", "94.80707482993198", "95.34113378684808", "96.4324716553288", "96.94331065759637", "97.47736961451247", "98.01142857142857", "98.54548752834467", "99.07954648526078", "99.6368253968254", "100.14766439909297", "100.7049433106576", "101.2390022675737", "101.7730612244898", "102.30712018140589", "102.84117913832199", "103.37523809523809", "103.9092970521542", "104.4433560090703", "104.9774149659864", "105.5114739229025", "106.06875283446712", "106.60281179138322", "107.11365079365079", "107.67092970521541", "108.32108843537415", "108.99446712018141", "109.52852607709751", "110.08580498866213", "110.61986394557823", "111.29324263038549", "111.94340136054421", "112.47746031746031", "113.01151927437641", "113.54557823129252", "114.07963718820862", "114.61369614512472", "115.14775510204082", "115.70503401360544", "116.23909297052154", "116.77315192743764", "117.30721088435374", "117.84126984126983", "118.37532879818595", "118.90938775510205", "119.97750566893424", "120.51156462585034", "121.04562358276644", "121.57968253968254", "122.13696145124716", "122.67102040816326", "123.20507936507937", "123.73913832199547", "124.24997732426304", "124.80725623582767", "125.34131519274376", "125.87537414965986", "126.40943310657596", "126.94349206349206", "127.47755102040816", "128.01160997732427", "128.54566893424035", "130.70512471655329", "131.2391836734694", "131.75002267573697", "132.28408163265306", "132.84136054421768", "133.3754195011338", "133.90947845804988", "134.443537414966", "135.0008163265306", "135.51165532879818", "136.0457142857143", "136.57977324263038", "137.1138321995465", "137.67111111111112", "138.2051700680272", "138.7392290249433", "139.2732879818594", "139.8073469387755", "140.34140589569162", "140.8754648526077", "141.40952380952382", "141.9435827664399", "142.47764172335602", "143.0117006802721", "143.56897959183672", "144.0798185941043", "144.6138775510204", "146.7501133786848", "147.2841723356009", "147.84145124716554", "148.37551020408162", "148.90956916099773", "149.44362811791385", "149.97768707482993", "150.51174603174604", "151.04580498866213", "151.57986394557824", "152.11392290249432", "152.64798185941044", "153.18204081632652", "153.71609977324263", "154.25015873015872", "154.80743764172337", "155.34149659863945", "155.87555555555556", "156.40961451247165", "156.94367346938776", "157.47773242630385", "158.01179138321996", "158.54585034013604", "159.07990929705215", "159.61396825396827", "160.14802721088435", "160.68208616780046", "161.2393650793651", "161.77342403628117", "162.30748299319728", "162.84154195011337", "163.37560090702948", "163.9096598639456", "164.44371882086168", "164.9777777777778", "165.51183673469387", "166.04589569160999", "166.57995464852607", "167.11401360544218", "167.6712925170068", "168.2053514739229", "168.71619047619046", "169.25024943310657", "169.8075283446712", "170.3415873015873", "170.8756462585034", "171.4097052154195", "171.9437641723356", "172.4778231292517", "173.5459410430839", "174.08", "174.6140589569161", "175.1481179138322", "175.6821768707483", "176.23945578231292", "176.77351473922903", "177.3075736961451", "177.84163265306123", "178.37569160997734", "178.90975056689342", "179.44380952380953", "179.97786848072562", "180.51192743764173", "181.04598639455781", "181.58004535147393", "182.11410430839", "182.67138321995463", "183.20544217687075", "183.71628117913832", "184.25034013605443", "184.80761904761906", "185.34167800453514", "185.8525170068027", "186.40979591836734", "186.94385487528345", "187.47791383219953", "188.01197278911565", "188.54603174603176", "189.08009070294784", "189.61414965986395", "190.14820861678004", "190.68226757369615", "191.21632653061224", "191.77360544217686", "192.30766439909297", "192.81850340136054", "193.37578231292517", "193.90984126984128", "194.42068027210885", "194.97795918367348", "195.51201814058956", "196.04607709750567", "196.58013605442176", "197.11419501133787", "197.6714739229025", "198.2055328798186", "198.7395918367347", "199.2736507936508", "199.8077097505669", "200.341768707483", "201.4098866213152", "201.94394557823128", "202.4780045351474", "203.5461224489796", "204.0801814058957", "204.61424036281178", "205.1482993197279", "205.70557823129252", "206.2396371882086", "206.77369614512472", "207.30775510204083", "207.8418140589569", "208.37587301587303", "208.9099319727891", "209.44399092970522", "209.9780498866213", "210.51210884353742", "211.0461678004535", "211.58022675736962", "212.11428571428573", "212.67156462585035", "213.20562358276644", "213.73968253968255", "214.27374149659863", "214.80780045351474", "215.34185941043083", "215.87591836734694", "216.40997732426302", "216.94403628117914", "217.47809523809525", "218.03537414965987", "218.56943310657596", "219.08027210884353", "219.61433106575964", "220.14839002267573", "220.70566893424035", "221.23972789115646", "221.77378684807258", "222.30784580498866", "222.84190476190477", "223.37596371882086", "223.91002267573697", "224.97814058956916", "225.51219954648525", "226.04625850340136", "226.58031746031747", "227.1375963718821", "227.67165532879818", "228.2057142857143", "228.73977324263038", "229.2738321995465", "229.80789115646257", "230.2722902494331", "230.7134693877551", "231.1546485260771", "231.6887074829932", "232.19954648526078", "242.9039455782313", "243.4612244897959", "243.97206349206348", "245.01696145124717", "245.55102040816325", "246.06185941043083", "246.59591836734694", "247.06031746031746", "247.5479365079365", "248.03555555555556", "248.56961451247165", "249.63773242630384", "250.17179138321995", "250.70585034013607", "251.77396825396826", "252.30802721088435", "252.84208616780046", "253.37614512471654", "253.91020408163266", "254.97832199546485", "255.51238095238097", "256.0464399092971", "256.58049886621313", "257.11455782312925", "257.6718367346939", "258.20589569160995", "259.2740136054422", "259.8080725623583", "260.3421315192744", "261.9443083900227", "262.4783673469388", "263.01242630385485", "263.54648526077096", "264.0805442176871", "264.63782312925173", "265.1718820861678", "265.7059410430839", "266.24", "266.7740589569161", "267.8421768707483", "268.3762358276644", "268.8174149659864", "269.2585941043084", "269.7229931972789", "270.25705215419504", "270.7911111111111", "274.55274376417236", "275.0868027210884", "275.62086167800453", "293.33768707482994", "293.87174603174606", "299.9321541950113", "300.4429931972789", "300.977052154195", "301.53433106575966"],