{"songID": "6006438", "emotion": 3, "chorus": [[191.474, 194.504], [199.22, 202.186], [206.803, 209.93099999999998]], "intro": [0, 17.289], "re_intro": [[62.455000000000005, 67.393], [225.988, 230.18099999999998]], "outro": [275.187, 283.3449886621315], "H_rhythm": ["2.5774149659863945", "3.5526530612244898", "4.504671201814059", "5.479909297052155", "6.455147392290249", "7.4071655328798185", "8.382403628117913", "9.357641723356009", "10.332879818594105", "11.284897959183674", "12.26013605442177", "13.235374149659863", "14.210612244897959", "15.162630385487528", "28.723083900226758", "29.698321995464852", "30.65034013605442", "44.18757369614512", "45.16281179138322", "46.13804988662132", "48.06530612244898", "49.04054421768708", "50.01578231292517", "50.96780045351474", "51.94303854875283", "52.91827664399093", "53.8702947845805", "54.84553287981859", "55.82077097505669", "58.72326530612245", "59.69850340136055", "60.65052154195011", "61.602539682539685", "63.55301587301587", "64.52825396825396", "65.50349206349206", "66.47873015873016", "67.43074829931973", "68.3827664399093", "69.35800453514739", "70.33324263038548", "71.28526077097506", "72.26049886621315", "73.23573696145125", "74.21097505668934", "75.16299319727891", "76.138231292517", "77.1134693877551", "78.06548752834468", "79.04072562358277", "79.99274376417233", "80.96798185941043", "81.94321995464853", "82.91845804988662", "83.8704761904762", "84.84571428571428", "85.79773242630385", "86.77297052154195", "87.74820861678005", "88.72344671201814", "89.6754648526077", "90.6507029478458", "91.60272108843537", "92.57795918367347", "93.55319727891157", "94.52843537414967", "95.48045351473922", "96.45569160997732", "97.43092970521542", "98.38294784580499", "99.35818594104309", "100.33342403628117", "101.28544217687075", "102.26068027210884", "103.23591836734694", "104.18793650793651", "105.11673469387755", "106.02231292517007", "107.09043083900227", "108.06566893424036", "109.04090702947846", "109.99292517006803", "110.96816326530612", "111.94340136054421", "112.89541950113379", "113.87065759637188", "114.84589569160998", "115.79791383219954", "116.77315192743764", "117.74839002267574", "118.70040816326531", "119.6756462585034", "120.6508843537415", "121.60290249433106", "122.57814058956916", "123.55337868480726", "124.52861678004535", "125.48063492063493", "126.45587301587301", "127.43111111111111", "128.4063492063492", "129.35836734693876", "130.33360544217686", "131.28562358276645", "132.26086167800455", "133.23609977324264", "134.1881179138322", "135.1633560090703", "136.1385941043084", "137.09061224489795", "138.06585034013605", "140.01632653061225", "140.9683446712018", "141.9435827664399", "142.8956009070295", "143.8708390022676", "144.84607709750566", "145.82131519274375", "146.79655328798185", "147.74857142857144", "148.700589569161", "149.6758276643991", "150.6510657596372", "151.6263038548753", "152.6015419501134", "153.55356009070294", "154.52879818594104", "155.4808163265306", "156.4560544217687", "157.4312925170068", "158.38331065759638", "159.35854875283448", "160.31056689342404", "161.28580498866214", "162.26104308390023", "163.23628117913833", "164.1882993197279", "165.163537414966", "166.13877551020408", "167.09079365079364", "168.06603174603174", "169.01804988662133", "169.99328798185942", "170.9685260770975", "171.9437641723356", "172.89578231292518", "173.87102040816328", "174.84625850340137", "175.79827664399093", "176.77351473922903", "177.74875283446713", "178.70077097505668", "179.67600907029478", "180.65124716553288", "181.60326530612244", "182.57850340136054", "183.55374149659863", "184.52897959183673", "185.50421768707483", "186.4562358276644", "187.43147392290248", "188.38349206349207", "189.35873015873017", "190.33396825396827", "191.19310657596372", "192.21478458049887", "193.23646258503402", "194.18848072562358", "195.16371882086167", "196.13895691609977", "197.09097505668933", "198.06621315192743", "199.04145124716553", "199.9934693877551", "200.9687074829932", "201.94394557823128", "202.89596371882087", "203.87120181405896", "204.84643990929706", "205.82167800453516", "206.77369614512472", "207.74893424036281", "208.70095238095237", "209.67619047619047", "210.65142857142857", "211.62666666666667", "212.57868480725622", "213.55392290249432", "214.52916099773242", "215.481179138322", "216.4564172335601", "217.43165532879817", "218.38367346938776", "219.35891156462586", "220.31092970521541", "221.2861678004535", "222.2614058956916", "223.2366439909297", "224.18866213151927", "225.16390022675736", "226.13913832199546", "227.09115646258505", "228.06639455782312", "229.0416326530612", "229.9936507936508", "230.9688888888889", "231.944126984127", "232.9193650793651", "233.87138321995465", "234.84662131519275", "235.7986394557823", "236.79709750566894", "237.7491156462585", "238.7243537414966", "239.67637188208616", "240.65160997732426", "241.60362811791384", "242.57886621315194", "243.55410430839", "244.5293424036281", "245.4813605442177", "246.4565986394558", "247.4318367346939", "248.38385487528345", "249.35909297052154", "250.33433106575964", "251.2863492063492", "252.2615873015873", "253.2368253968254", "254.18884353741495", "255.16408163265305", "256.1393197278912", "257.0913378684807", "258.06657596371883", "259.0418140589569", "260.017052154195", "260.96907029478456", "263.87156462585034", "264.8468027210884", "265.82204081632653", "266.7740589569161", "267.7492970521542"], "L_rhythm": ["50.50340136054422", "55.33315192743764", "59.2108843537415", "64.04063492063491", "71.7728798185941", "79.50512471655328", "81.68780045351474", "82.17541950113379", "82.63981859410431", "85.56553287981859", "86.54077097505669", "89.44326530612246", "90.16308390022675", "93.29777777777778", "97.17551020408163", "98.15074829931973", "98.87056689342404", "99.84580498866214", "102.02848072562358", "103.95573696145125", "104.93097505668935", "106.62603174603174", "106.858231292517", "108.78548752834467", "112.66321995464853", "113.38303854875284", "114.35827664399093", "116.54095238095238", "120.16326530612245", "122.11374149659864", "124.27319727891157", "125.0162358276644", "125.96825396825396", "128.15092970521542", "128.87074829931973", "132.02866213151927", "133.72371882086168", "135.65097505668933", "136.62621315192743", "137.57823129251702", "140.71292517006802", "148.46839002267575", "152.11392290249432", "155.24861678004535", "155.96843537414966", "159.1031292517007", "159.82294784580498", "162.98086167800454", "163.70068027210885", "163.97931972789115", "164.69913832199546", "165.65115646258502", "166.8585941043084", "167.5784126984127", "167.8338321995465", "170.7131065759637", "171.43292517006802", "171.71156462585034", "172.40816326530611", "175.31065759637187", "178.46857142857144", "182.0908843537415", "183.32154195011339", "185.0165986394558", "185.7364172335601", "190.07854875283448", "190.5661678004535", "191.77360544217686", "192.02902494331065", "195.65133786848074", "197.83401360544218", "198.53061224489795", "199.5290702947846", "201.6885260770975", "203.3835827664399", "205.3340589569161", "209.44399092970522", "211.13904761904763", "213.32172335600907", "214.01832199546485", "217.17623582766439", "217.91927437641723", "218.15147392290248", "218.63909297052155", "220.821768707483", "221.05396825396826", "222.5168253968254", "222.74902494331064", "223.46884353741495", "225.39609977324264", "225.88371882086167", "227.57877551020408", "229.2738321995465", "229.50603174603174", "230.43482993197279", "232.6639455782313", "234.3590022675737", "236.54167800453516", "237.26149659863947", "238.23673469387754", "240.419410430839", "241.13922902494332", "242.09124716553288", "242.8110657596372", "244.04172335600907", "244.76154195011338", "248.1516553287982", "249.84671201814058", "252.02938775510205", "252.72598639455782", "254.9318820861678", "256.6037188208617", "258.2987755102041", "258.55419501133787", "259.2740136054422", "259.52943310657594", "268.7245351473923"],