{"songID": "7002700", "emotion": 3, "chorus": [[73.509, 103.559], [176.627, 206.922], [209.566, 240.932]], "intro": [0, 15.946], "re_intro": [[103.559, 118.926]], "outro": [240.932, 263.0170068027211], "H_rhythm": ["0.2786394557823129", "0.7198185941043084", "13.188934240362812", "13.653333333333334", "14.094512471655328", "14.55891156462585", "15.023310657596372", "15.487709750566893", "15.928888888888888", "16.370068027210884", "16.81124716553288", "17.2756462585034", "17.76326530612245", "18.204444444444444", "18.64562358276644", "19.13324263038549", "19.574421768707484", "20.038820861678005", "20.503219954648525", "20.990839002267574", "21.43201814058957", "21.91963718820862", "22.360816326530614", "22.825215419501134", "23.26639455782313", "23.73079365079365", "24.2184126984127", "24.659591836734695", "25.123990929705215", "25.588390022675735", "26.05278911564626", "26.51718820861678", "26.9815873015873", "27.422766439909296", "27.910385487528345", "28.374784580498865", "28.81596371882086", "29.280362811791385", "29.744761904761905", "30.209160997732425", "30.67356009070295", "31.579138321995465", "32.04353741496599", "32.507936507936506", "32.97233560090703", "33.41351473922902", "33.877913832199546", "34.34231292517007", "34.78349206349206", "35.247891156462586", "35.71229024943311", "36.17668934240363", "36.64108843537415", "37.10548752834467", "37.56988662131519", "38.01106575963719", "38.47546485260771", "38.91664399092971", "39.404263038548756", "39.84544217687075", "40.30984126984127", "40.77424036281179", "41.23863945578231", "41.703038548752836", "42.16743764172335", "42.60861678004535", "43.0962358276644", "43.56063492063492", "44.02503401360544", "44.489433106575966", "44.95383219954648", "45.39501133786848", "45.836190476190474", "46.300589569161", "46.76498866213152", "47.206167800453514", "47.67056689342404", "48.134965986394555", "48.59936507936508", "49.0637641723356", "49.96934240362812", "50.43374149659864", "50.89814058956916", "51.36253968253968", "51.82693877551021", "52.291337868480724", "52.73251700680272", "53.19691609977324", "53.661315192743764", "54.102494331065756", "54.543673469387755", "55.031292517006804", "55.49569160997732", "55.93687074829932", "56.42448979591837", "56.91210884353742", "57.376507936507934", "57.84090702947846", "58.28208616780045", "58.746485260770974", "59.2108843537415", "59.675283446712015", "60.116462585034014", "60.58086167800454", "61.045260770975055", "61.486439909297054", "61.95083900226757", "62.415238095238095", "62.85641723356009", "63.32081632653061", "63.76199546485261", "64.22639455782313", "64.69079365079365", "65.1784126984127", "65.64281179138322", "66.10721088435375", "66.54839002267573", "67.01278911564626", "67.45396825396826", "67.91836734693878", "68.3827664399093", "68.87038548752834", "69.31156462585034", "69.77596371882086", "70.24036281179139", "70.72798185941043", "71.16916099773243", "71.61034013605442", "72.07473922902494", "72.53913832199547", "73.00353741496599", "73.46793650793651", "73.93233560090702", "74.39673469387755", "74.83791383219955", "75.30231292517007", "75.74349206349207", "76.20789115646258", "76.64907029478458", "77.60108843537415", "78.06548752834468", "78.50666666666666", "78.97106575963718", "79.43546485260771", "79.89986394557823", "80.36426303854876", "82.19863945578231", "82.66303854875284", "83.12743764172336", "83.59183673469387", "84.0562358276644", "84.98503401360544", "85.44943310657597", "85.89061224489797", "86.79619047619047", "87.260589569161", "87.72498866213152", "88.18938775510205", "88.65378684807256", "89.11818594104308", "89.55936507936508", "90.0237641723356", "90.48816326530613", "90.95256235827664", "91.41696145124716", "92.34575963718821", "92.81015873015873", "93.25133786848073", "93.69251700680272", "94.15691609977324", "94.62131519274377", "95.08571428571429", "96.01451247165532", "96.47891156462585", "96.92009070294785", "97.38448979591837", "97.82566893424037", "98.29006802721088", "98.7544671201814", "99.21886621315193", "99.68326530612245", "100.14766439909297", "100.6120634920635", "101.07646258503401", "101.51764172335601", "102.00526077097506", "102.46965986394558", "103.37523809523809", "103.83963718820861", "104.28081632653061", "104.74521541950114", "105.20961451247166", "105.67401360544218", "106.11519274376417", "107.04399092970522", "107.50839002267574", "107.94956916099773", "108.41396825396825", "108.87836734693877", "109.3427664399093", "109.7839455782313", "110.71274376417233", "111.20036281179138", "111.64154195011338", "112.57034013605443", "113.03473922902495", "113.49913832199546", "114.40471655328798", "114.8691156462585", "115.33351473922903", "115.77469387755102", "117.16789115646259", "117.63229024943311", "118.09668934240362", "118.56108843537415", "119.02548752834467", "119.90784580498867", "120.37224489795918", "120.8366439909297", "121.30104308390023", "121.76544217687075", "122.22984126984127", "122.67102040816326", "123.1586394557823", "123.62303854875283", "124.08743764172335", "124.52861678004535", "124.99301587301588", "125.45741496598639", "125.92181405895691", "126.36299319727891", "126.82739229024943", "127.29179138321996", "127.77941043083901", "128.24380952380952", "128.68498866213153", "129.12616780045352", "129.59056689342404", "130.05496598639456", "130.49614512471655", "130.96054421768707", "131.4249433106576", "131.88934240362812", "132.35374149659864", "132.81814058956917", "133.2825396825397", "133.74693877551022", "134.65251700680273", "135.0936961451247", "135.55809523809523", "136.02249433106576", "136.48689342403628", "136.9512925170068", "137.41569160997733", "137.88009070294785", "138.32126984126984", "138.78566893424036", "139.2500680272109", "139.7144671201814", "140.17886621315193", "140.64326530612246", "141.10766439909298", "141.57206349206348", "142.0132426303855", "142.47764172335602", "142.918820861678", "143.33678004535147", "143.8243990929705", "144.33523809523808", "144.7996371882086", "145.26403628117913", "145.70521541950114", "146.16961451247167", "146.61079365079365", "147.05197278911564", "147.51637188208616", "147.98077097505669", "148.4451700680272", "148.8863492063492", "149.35074829931972", "149.81514739229024", "150.25632653061226", "150.7439455782313", "151.20834467120181", "151.67274376417234", "152.11392290249432", "153.04272108843537", "153.53034013605443", "153.97151927437642", "154.4126984126984", "154.87709750566893", "156.73469387755102", "157.19909297052155", "157.64027210884353", "158.10467120181406", "158.56907029478458", "159.05668934240362", "159.49786848072563", "159.96226757369615", "160.42666666666668", "160.8910657596372", "161.3554648526077", "161.81986394557822", "162.26104308390023", "162.72544217687076", "163.16662131519274", "163.63102040816327", "164.0954195011338", "164.58303854875282", "165.02421768707484", "165.48861678004536", "165.92979591836735", "166.39419501133787", "166.83537414965986", "167.29977324263038", "167.7641723356009", "168.25179138321997", "168.69297052154195", "169.13414965986394", "169.59854875283446", "170.08616780045352", "170.5273469387755", "170.99174603174603", "171.45614512471656", "171.92054421768708", "172.3849433106576", "172.87256235827664", "173.31374149659865", "173.77814058956915", "174.24253968253967", "174.7069387755102", "175.61251700680273", "176.07691609977323", "176.51809523809524", "176.98249433106577", "177.4701133786848", "177.9112925170068", "178.37569160997734", "178.84009070294783", "179.30448979591836", "179.74566893424037", "180.67446712018142", "181.1388662131519", "181.60326530612244", "182.06766439909296", "182.5320634920635", "182.996462585034", "183.46086167800453", "185.2952380952381", "185.7364172335601", "186.2008163265306", "186.66521541950112", "187.12961451247165", "188.0584126984127", "188.52281179138322", "188.9639909297052", "189.42839002267573", "189.86956916099774", "190.31074829931973", "190.77514739229025", "191.21632653061224", "193.07392290249433", 