{"songID": "7026320", "emotion": 5, "chorus": [[86.642, 91.82499999999999], [151.062, 156.774], [244.125, 249.708], [251.321, 258.133]], "intro": [0, 30.545], "re_intro": [[156.774, 188.181]], "outro": [258.133, 357.7449886621315], "H_rhythm": ["3.1346938775510202", "3.575873015873016", "4.899410430839002", "5.340589569160998", "5.804988662131519", "8.475283446712018", "8.916462585034013", "9.357641723356009", "9.822040816326531", "10.263219954648527", "14.744671201814059", "15.185850340136055", "15.62702947845805", "16.068208616780044", "16.532607709750568", "16.973786848072564", "17.856145124716555", "18.320544217687075", "18.784943310657596", "22.77877551020408", "23.2431746031746", "23.661133786848072", "24.102312925170068", "24.543492063492064", "29.95374149659864", "30.418140589569163", "30.859319727891158", "36.19990929705215", "36.664308390022676", "37.10548752834467", "37.56988662131519", "38.01106575963719", "40.68136054421769", "41.145759637188206", "41.586938775510205", "43.37487528344671", "43.83927437641724", "44.28045351473923", "44.72163265306123", "45.16281179138322", "45.627210884353744", "46.068390022675736", "46.53278911564626", "46.97396825396825", "47.41514739229025", "47.85632653061224", "48.32072562358277", "48.76190476190476", "49.64426303854875", "50.108662131519274", "50.54984126984127", "50.991020408163266", "51.43219954648526", "51.89659863945578", "52.33777777777778", "54.12571428571429", "54.590113378684805", "55.031292517006804", "55.472471655328796", "55.913650793650795", "58.583945578231294", "59.04834467120181", "59.48952380952381", "59.953922902494334", "60.395102040816326", "60.85950113378685", "61.30068027210884", "61.74185941043084", "62.18303854875283", "62.64743764172336", "63.08861678004535", "65.78213151927437", "66.22331065759637", "66.66448979591837", "67.1288888888889", "67.57006802721088", "68.01124716553288", "68.45242630385488", "69.33478458049886", "69.79918367346939", "70.24036281179139", "72.91065759637188", "73.3750566893424", "73.8162358276644", "74.72181405895692", "75.18621315192743", "75.62739229024943", "76.50975056689343", "76.97414965986394", "77.41532879818594", "80.08562358276644", "80.55002267573695", "80.99120181405895", "81.45560090702948", "81.89678004535148", "82.77913832199546", "83.24353741496599", "83.68471655328798", "84.12589569160998", "84.56707482993197", "87.260589569161", "87.72498866213152", "88.16616780045351", "88.6073469387755", "89.0485260770975", "89.51292517006803", "89.95410430839003", "90.83646258503401", "91.30086167800454", "91.74204081632654", "94.3891156462585", "94.85351473922903", "95.31791383219955", "95.75909297052154", "96.20027210884354", "96.64145124716553", "97.10585034013606", "97.54702947845804", "97.98820861678004", "98.42938775510204", "98.89378684807257", "99.33496598639456", "99.77614512471655", "100.24054421768707", "100.68172335600907", "101.12290249433107", "101.56408163265306", "102.02848072562358", "102.46965986394558", "102.91083900226758", "103.35201814058956", "103.79319727891156", "104.25759637188209", "104.69877551020409", "105.1631746031746", "105.6043537414966", "106.06875283446712", "106.50993197278912", "106.92789115646258", "107.36907029478458", "107.8334693877551", "108.29786848072563", "108.73904761904762", "109.18022675736961", "109.62140589569161", "110.08580498866213", "110.52698412698413", "110.96816326530612", "111.40934240362812", "111.87374149659864", "112.31492063492064", "112.77931972789116", "113.22049886621315", "113.66167800453515", "114.10285714285715", "114.56725623582767", "115.00843537414966", "115.44961451247165", "115.89079365079365", "116.35519274376418", "116.79637188208616", "117.23755102040816", "117.70195011337869", "118.14312925170069", "118.58430839002267", "119.02548752834467", "119.4898866213152", "119.93106575963719", "120.37224489795918", "120.8366439909297", "121.2778231292517", "121.7190022675737", "122.16018140589568", "122.62458049886621", "123.06575963718821", "123.53015873015873", "123.97133786848073", "124.41251700680272", "124.85369614512472", "125.31809523809524", "125.75927437641724", "126.20045351473922", "126.64163265306122", "127.10603174603175", "127.52399092970522", "127.98839002267573", "128.42956916099774", "128.89396825396827", "129.33514739229025", "129.77632653061224", "130.21750566893425", "130.6122448979592", "131.0766439909297", "131.56426303854875", "132.02866213151927", "132.4930612244898", "132.91102040816327", "133.35219954648525", "133.81659863945578", "134.2577777777778", "134.69895691609977", "135.1633560090703", "135.60453514739228", "136.51011337868482", "136.9512925170068", "137.3924716553288", "137.8336507936508", "138.2748299319728", "138.7392290249433", "139.1804081632653", "139.64480725623582", "140.08598639455784", "140.52716553287982", "140.9683446712018", "141.43274376417233", "141.87392290249434", "142.31510204081633", "142.7562811791383", "143.19746031746033", "143.66185941043085", "144.10303854875283", "144.56743764172336", "145.00861678004534", "145.44979591836736", "145.89097505668934", "146.33215419501133", "146.79655328798185", "147.23773242630386", "147.67891156462585", "148.14331065759637", "148.58448979591836", "149.02566893424037", "149.4900680272109", "149.93124716553288", "150.3956462585034", "150.8368253968254", "151.2780045351474", "151.7191836734694", "152.16036281179137", "157.57061224489797", "158.03501133786847", "158.47619047619048", "158.91736961451247", "159.79972789115646", "160.264126984127", "160.70530612244897", "161.146485260771", "161.58766439909297", "162.02884353741496", "162.49324263038548", "162.957641723356", "163.39882086167802", "163.84", "164.281179138322", "164.7455782312925", "165.18675736961453", "165.6279365079365", "166.0691156462585", "166.48707482993197", "166.97469387755103", "167.43909297052153", "167.88027210884354", "168.32145124716553", "168.76263038548754", "169.22702947845804", "169.66820861678005", "170.10938775510203", "170.55056689342405", "171.01496598639457", "171.45614512471656", "171.89732426303854", "172.33850340136055", "172.80290249433108", "173.24408163265306", "173.7084807256236", "174.14965986394557", "174.5908390022676", "175.03201814058957", "175.4964172335601", "175.93759637188208", "176.3787755102041", "176.81995464852608", "177.2843537414966", "177.7255328798186", "178.1667120181406", "178.60789115646259", "179.0722902494331", "179.5134693877551", "179.9546485260771", "180.37260770975055", "180.81378684807257", "181.3014058956916", "181.76580498866213", "182.20698412698414", "182.64816326530612", "183.0893424036281", "183.55374149659863", "183.99492063492065", "184.43609977324263", "184.87727891156462", "185.34167800453514", "185.78285714285715", "186.22403628117914", "186.68843537414966", "187.12961451247165", "187.57079365079366", "188.01197278911565", "188.47637188208617", "188.91755102040815", "189.38195011337868", "189.8231292517007", "190.26430839002268", "190.70548752834466", "191.1698866213152", "191.6110657596372", "192.05224489795918", "192.49342403628117", "192.9578231292517", "193.3990022675737", "193.8401814058957", "194.28136054421768", "194.7457596371882", "195.1869387755102", "195.6281179138322", "196.06929705215418", "196.5336961451247", "196.97487528344672", "197.4160544217687", "197.8572335600907", "198.32163265306122", "198.76281179138323", "199.2039909297052", "199.66839002267574", "200.10956916099772", "200.57396825396825", "201.01514739229026", "201.45632653061224", "201.89750566893423", "202.33868480725624", "202.80308390022677", "203.24426303854875", "203.70866213151928", "204.14984126984126", "204.59102040816327", "205.03219954648526", "205.49659863945578", "205.93777777777777", "206.37895691609978", "206.8433560090703", "207.2845351473923", "207.72571428571428", "208.1668934240363", "208.60807256235827", "209.04925170068026", "209.44399092970522", "209.93160997732426", "210.41922902494332", "210.8604081632653", "211.3015873015873", "211.7427664399093", 