{"songID": "7022619", "emotion": 3, "chorus": [[48.788, 96.182], [118.411, 166.26000000000002]], "intro": [0, 16.692], "re_intro": [[96.182, 118.411]], "outro": [184.052, 205.34498866213153], "H_rhythm": ["9.682721088435374", "10.65795918367347", "16.486167800453515", "17.438185941043084", "18.390204081632653", "24.19519274376417", "25.170430839002268", "26.122448979591837", "39.68290249433107", "40.658140589569165", "41.61015873015873", "53.26657596371882", "54.21859410430839", "55.17061224489796", "56.14585034013606", "57.09786848072562", "61.92761904761905", "62.87963718820862", "63.831655328798185", "64.85333333333334", "65.8053514739229", "66.780589569161", "67.73260770975057", "68.70784580498866", "69.65986394557824", "70.63510204081632", "71.61034013605442", "72.58557823129252", "73.53759637188209", "74.53605442176871", "75.46485260770974", "76.44009070294784", "77.39210884353741", "78.36734693877551", "79.31936507936508", "80.34104308390023", "81.26984126984127", "82.26829931972789", "83.22031746031746", "84.19555555555556", "85.1243537414966", "86.12281179138321", "87.09804988662131", "88.07328798185941", "89.02530612244898", "90.00054421768708", "90.92934240362811", "91.95102040816326", "92.87981859410431", "93.8550566893424", "94.80707482993198", "95.8055328798186", "96.73433106575963", "97.70956916099773", "98.68480725623583", "99.66004535147393", "100.6120634920635", "101.58730158730158", "102.53931972789115", "103.51455782312925", "104.48979591836735", "105.46503401360545", "106.417052154195", "107.3922902494331", "108.34430839002268", "109.3427664399093", "110.29478458049887", "111.27002267573697", "112.24526077097505", "113.19727891156462", "114.1492970521542", "115.14775510204082", "116.09977324263039", "117.07501133786847", "118.05024943310657", "119.0487074829932", "120.00072562358277", "120.95274376417234", "121.9047619047619", "122.90321995464852", "123.8552380952381", "124.83047619047619", "125.80571428571429", "126.78095238095239", "127.73297052154194", "128.68498866213153", "129.6370068027211", "130.65868480725624", "131.6107029478458", "132.5859410430839", "133.561179138322", "134.51319727891158", "135.46521541950113", "136.4172335600907", "137.3924716553288", "138.39092970521543", "139.31972789115648", "140.31818594104308", "141.24698412698413", "142.24544217687074", "143.22068027210884", "144.19591836734693", "145.12471655328798", "146.1231746031746", "147.05197278911564", "148.02721088435374", "149.00244897959183", "149.97768707482993", "150.95292517006803", "151.92816326530613", "152.90340136054422", "153.87863945578232", "154.83065759637188", "155.80589569160998", "156.75791383219953", "157.73315192743763", "158.68517006802722", "159.68362811791383", "160.6356462585034", "161.61088435374148", "162.56290249433107", "163.53814058956917", "164.49015873015873", "165.46539682539682", "166.41741496598638", "167.39265306122448", "168.39111111111112", "169.34312925170067", "170.31836734693877", "171.27038548752836", "172.24562358276643", "173.22086167800452", "174.19609977324262", "175.17133786848072", "176.1233560090703", "177.0985941043084", "178.07383219954647", "179.02585034013606", "180.00108843537416", "180.97632653061225", "181.9283446712018", "182.9035827664399", "183.85560090702947", "184.8540589569161", "185.78285714285715", "186.78131519274376", "187.75655328798186", "188.73179138321996", "189.68380952380951", "190.6590476190476", "191.6110657596372", "192.5863038548753", "193.53832199546486", "194.4903401360544", "195.4655782312925"], "L_rhythm": ["62.39201814058957", "62.62421768707483", "63.36725623582767", "65.31773242630385", "66.54839002267573", "68.4756462585034", "69.17224489795919", "70.40290249433106", "72.35337868480725", "74.28063492063492", "75.00045351473923", "76.20789115646258", "76.90448979591837", "77.6475283446712", "77.87972789115646", "78.59954648526077", "78.83174603174604", "80.08562358276644", "80.78222222222222", "82.0128798185941", "83.9633560090703", "84.65995464852608", "85.86739229024943", "87.81786848072562", "89.76834467120182", "90.4649433106576", "91.69560090702947", "93.59963718820862", "95.55011337868481", "96.26993197278911", "97.01297052154194", "97.98820861678004", "98.2204081632653", "100.14766439909297", "101.09968253968253", "103.30557823129251", "104.23437641723356", "106.20807256235828", "107.16009070294784", "108.85514739229025", "115.82113378684807", "117.33043083900226", "117.56263038548752", "117.81804988662131", "119.51310657596372", "122.41560090702947", "123.36761904761904", "124.34285714285714", "124.59827664399093", "126.06113378684807", "127.24535147392291", "136.92807256235827", "138.13551020408164", "143.9637188208617", "144.66031746031746", "145.89097505668934", "154.34303854875284", "157.50095238095238", "162.075283446712", "163.3059410430839", "165.2564172335601", "167.16045351473923", "167.88027210884354", "171.7580045351474", "178.538231292517", "180.76734693877552", "182.67138321995463", "183.39120181405895", "183.60018140589568", "184.59863945578232", "187.26893424036282", "188.2441723356009", "188.47637188208617", "189.19619047619048", "190.40362811791383", "191.14666666666668", "191.37886621315192", "193.07392290249433", "196.4408163265306"], "section": [[48.788, 96.182], [118.411, 166.26000000000002]]}