{"songID": "7200252", "emotion": 4, "chorus": [[171.608, 186.03599999999997], [186.728, 203.968]], "intro": [0, 19.383], "re_intro": [[64.195, 80.282]], "outro": [203.968, 209.01700680272108], "H_rhythm": ["3.436553287981859", "4.388571428571429", "5.363809523809524", "6.315827664399093", "7.244625850340136", "8.219863945578231", "9.1718820861678", "10.100680272108843", "11.052698412698414", "12.004716553287983", "12.933514739229025", "13.908752834467121", "14.837551020408164", "15.81278911564626", "16.741587301587302", "18.622403628117915", "19.574421768707484", "20.54965986394558", "21.501678004535147", "22.453696145124717", "23.42893424036281", "24.33451247165533", "25.309750566893424", "26.261768707482993", "27.213786848072562", "28.142585034013607", "29.094603174603176", "30.046621315192745", "31.02185941043084", "31.950657596371883", "32.90267573696145", "33.85469387755102", "34.80671201814059", "35.75873015873016", "36.710748299319725", "37.6627664399093", "38.61478458049886", "39.54358276643991", "40.49560090702948", "41.44761904761905", "42.399637188208615", "43.32843537414966", "44.28045351473923", "45.2324716553288", "46.16126984126984", "47.13650793650794", "49.04054421768708", "49.99256235827664", "50.944580498866216", "51.89659863945578", "52.87183673469388", "53.80063492063492", "54.75265306122449", "55.72789115646258", "56.65668934240363", "57.608707482993196", "58.56072562358277", "59.512743764172335", "60.441541950113375", "61.41678004535147", "62.32235827664399", "63.297596371882086", "64.24961451247165", "65.20163265306122", "66.1536507936508", "67.10566893424036", "68.05768707482993", "69.0097052154195", "71.84253968253968", "72.81777777777778", "73.74657596371883", "74.69859410430838", "75.65061224489796", "77.5546485260771", "78.50666666666666", "80.4107029478458", "81.36272108843538", "82.31473922902494", "83.26675736961451", "84.21877551020408", "85.14757369614513", "86.09959183673469", "87.05160997732426", "88.00362811791383", "90.85968253968254", "91.81170068027211", "92.76371882086168", "93.69251700680272", "94.64453514739229", "95.61977324263039", "96.54857142857144", "98.45260770975057", "99.40462585034014", "100.35664399092971", "103.21269841269842", "104.16471655328799", "106.06875283446712", "106.99755102040817", "107.94956916099773", "111.757641723356", "112.70965986394557", "113.66167800453515", "114.61369614512472", "115.54249433106575", "116.49451247165533", "117.4465306122449", "118.39854875283447", "119.37378684807257", "120.3025850340136", "121.25460317460318", "122.20662131519275", "123.1586394557823", "124.11065759637188", "125.06267573696145", "126.01469387755103", "126.94349206349206", "127.91873015873016", "128.8475283446712", "129.8227664399093", "130.75156462585034", "131.70358276643992", "132.678820861678", "133.58439909297053", "134.55963718820863", "135.48843537414967", "136.44045351473923", "137.36925170068028", "138.3677097505669", "139.29650793650794", "140.2485260770975", "141.24698412698413", "142.17578231292518", "143.12780045351474", "144.05659863945579", "145.00861678004534", "145.96063492063493", "146.9126530612245", "147.86467120181405", "148.81668934240363", "149.7687074829932", "150.72072562358278", "151.6495238095238", "152.6015419501134", "153.55356009070294", "154.5055782312925", "155.4808163265306", "156.40961451247165", "157.36163265306124", "158.3136507936508", "159.26566893424035", "160.24090702947845", "161.1697052154195", "162.09850340136055", "163.07374149659864", "164.04897959183674", "164.9777777777778", "165.92979591836735", "166.8585941043084", "167.8338321995465", "168.76263038548754", "169.7146485260771", "170.66666666666666", "171.61868480725624", "172.59392290249434", "173.5459410430839", "174.49795918367346", "175.44997732426305", "176.4019954648526", "177.3540136054422", "178.30603174603175", "179.2580498866213", "180.18684807256236", "181.1388662131519", "182.0908843537415", "183.04290249433106", "183.9717006802721", "184.92371882086167", "185.87573696145125", "186.85097505668935", "187.8029931972789", "188.75501133786847", "189.70702947845805", "190.6590476190476", "191.6110657596372", "192.56308390022676", "193.51510204081632", "194.4671201814059", "195.41913832199546", "196.3479365079365", "197.3231746031746"], "L_rhythm": ["6.942766439909297", "8.846802721088435", "23.73079365079365", "24.03265306122449", "24.98467120181406", "27.840725623582767", "28.46766439909297", "29.72154195011338", "31.30049886621315", "31.62557823129252", "32.275736961451244", "37.98784580498866", "38.91664399092971", "39.24172335600907", "40.170521541950116", "41.12253968253968", "43.67673469387755", "44.93061224489796", "45.55755102040816", "49.388843537414964", "50.61950113378685", "52.54675736961451", "54.12571428571429", "54.45079365079365", "55.077732426303854", "57.933786848072565", "58.2356462585034", "60.766621315192744", "61.06848072562358", "61.718639455782316", "62.02049886621315", "62.97251700680272", "63.947755102040816", "66.47873015873016", "74.04843537414966", "77.87972789115646", "84.84571428571428", "85.79773242630385", "86.7265306122449", "92.43863945578231", "96.24671201814058", "103.86285714285714", "106.39383219954648", "113.98675736961451", "115.86757369614513", "116.84281179138323", "125.38775510204081", "127.26857142857143", "127.5936507936508", "128.24380952380952", "128.54566893424035", "129.17260770975057", "129.52090702947845", "131.0766439909297", "132.35374149659864", "132.98068027210886", "133.93269841269841", "135.1865759637188", "135.74385487528346", "137.71755102040817", "138.04263038548754", "138.69278911564626", "139.6215873015873", "139.92344671201815", "140.57360544217687", "140.75936507936507", "146.5875736961451", "148.18975056689342", "150.09378684807257", "150.41886621315192", "156.1077551020408", "158.01179138321996", "158.940589569161", "161.77342403628117", "162.74866213151927", "169.41278911564626", "174.19609977324262", "177.5397732426304", "178.93297052154196", "182.7178231292517", "184.59863945578232", "185.55065759637188", "188.45315192743763", "189.08009070294784", "196.04607709750567", "197.62503401360544", "197.92689342403628", "198.25197278911565"], "section": [[49.83, 53.083], [57.445, 64.195], [114.416, 117.189], [156.398, 159.69899999999998], [160.103, 162.82000000000002], [163.846, 170.33700000000002], [171.608, 186.03599999999997], [186.728, 203.968]]}