{"songID": "7300616", "emotion": 3, "chorus": [[223.698, 248.292], [249.193, 274.43]], "intro": [0, 18.347], "re_intro": [[185.138, 211.161]], "outro": [287.457, 339.2170068027211], "H_rhythm": ["0.8359183673469388", "1.6253968253968254", "2.391655328798186", "3.1579138321995464", "3.947392290249433", "4.760090702947846", "5.5495691609977325", "6.339047619047619", "7.174965986394557", "7.987664399092971", "8.800362811791382", "9.58984126984127", "10.402539682539683", "11.19201814058957", "12.004716553287983", "12.794195011337868", "13.583673469387755", "14.396371882086168", "15.185850340136055", "15.975328798185942", "16.81124716553288", "17.623945578231293", "18.390204081632653", "19.202902494331067", "20.01560090702948", "20.805079365079365", "21.59455782312925", "22.407256235827663", "23.219954648526077", "24.03265306122449", "24.845351473922904", "25.611609977324264", "26.424308390022677", "27.213786848072562", "28.003265306122447", "28.81596371882086", "29.628662131519274", "30.418140589569163", "31.207619047619048", "32.02031746031746", "32.80979591836735", "33.62249433106576", "34.411972789115644", "35.22467120181406", "36.014149659863946", "36.826848072562356", "37.63954648526077", "38.42902494331066", "39.24172335600907", "40.03120181405896", "40.84390022675737", "41.633378684807255", "42.44607709750567", "43.23555555555556", "44.04825396825397", "44.83773242630385", "45.65043083900227", "46.41668934240363", "47.22938775510204", "48.042086167800456", "48.854784580498865", "49.64426303854875", "50.43374149659864", "51.22321995464853", "52.03591836734694", "52.82539682539682", "53.63809523809524", "54.474013605442174", "55.263492063492066", "56.05297052154195", "56.81922902494331", "57.63192743764172", "58.44462585034014", "59.23410430839002", "60.04680272108843", "60.836281179138325", "61.648979591836735", "62.43845804988662", "63.25115646258504", "64.04063492063491", "64.85333333333334", "65.66603174603175", "66.47873015873016", "67.29142857142857", "68.08090702947845", "68.87038548752834", "69.68308390022676", "70.47256235827665", "71.28526077097506", "72.07473922902494", "72.88743764172335", "73.67691609977324", "74.46639455782314", "75.25587301587302", "76.06857142857143", "76.88126984126984", "77.67074829931973", "78.48344671201814", "79.29614512471656", "80.08562358276644", "80.87510204081633", "81.66458049886621", "82.47727891156462", "83.31319727891156", "84.10267573696144", "84.89215419501134", "85.68163265306123", "86.47111111111111", "87.28380952380952", "88.09650793650793", "88.90920634920634", "89.69868480725624", "90.48816326530613", "91.27764172335601", "92.09034013605442", "92.87981859410431", "93.66929705215419", "94.50521541950113", "95.29469387755103", "96.08417233560091", "96.89687074829932", "97.70956916099773", "98.49904761904762", "99.2885260770975", "100.10122448979592", "100.91392290249433", "101.70340136054422", "102.51609977324263", "103.30557823129251", "104.11827664399092", "104.90775510204081", "105.69723356009071", "106.50993197278912", "107.299410430839", "108.11210884353741", "108.9015873015873", "109.71428571428571", "110.50376417233561", "111.31646258503402", "112.1059410430839", "112.91863945578231", "113.7081179138322", "114.5208163265306", "115.31029478458049", "116.12299319727892", "116.93569160997733", "117.74839002267574", "118.53786848072562", "119.3273469387755", "120.11682539682539", "120.92952380952381", "121.7190022675737", "122.53170068027211", "123.321179138322", "124.1338775510204", "124.92335600907029", "125.73605442176871", "126.54875283446712", "127.33823129251701", "128.1277097505669", "128.94040816326532", "129.7298866213152", "130.5425850340136", "131.3320634920635", "132.1447619047619", "132.93424036281178", "133.74693877551022", "134.5364172335601", "135.3491156462585", "136.1385941043084", "136.9512925170068", "137.74077097505668", "138.53024943310658", "139.34294784580499", "140.1556462585034", "140.9683446712018", "141.7578231292517", "142.54730158730158", "143.33678004535147", "144.14947845804988", "144.9621768707483", "145.7748752834467", "146.5643537414966", "147.35383219954647", "148.16653061224488", "148.95600907029478", "149.7687074829932", "150.5581859410431", "151.3708843537415", "152.16036281179137", "152.97306122448978", "153.78575963718822", "154.5752380952381", "155.3879365079365", "156.1774149659864", "156.96689342403627", "157.77959183673468", "158.56907029478458", "159.381768707483", "160.1712471655329", "160.9839455782313", "161.77342403628117", "162.58612244897958", "163.37560090702948", "164.16507936507938", "164.9777777777778", "165.7904761904762", "166.57995464852607", "167.39265306122448", "168.2053514739229", "168.9948299319728", "169.7843083900227", "170.5970068027211", "171.38648526077097", "172.19918367346938", "172.98866213151928", "173.77814058956915", "174.5908390022676", "175.38031746031746", "176.19301587301587", "176.98249433106577", "177.79519274376418", "178.60789115646259", "179.39736961451248", "180.2100680272109", "180.99954648526077", "181.78902494331066", "182.60172335600907", "183.41442176870748", "184.20390022675738", "185.0165986394558", "185.8292970521542", "186.61877551020407", "187.40825396825397", "188.22095238095238", "189.01043083900225", "189.8231292517007", "190.61260770975056", "191.42530612244897", "192.21478458049887", "193.02748299319728", "193.81696145124715", "194.60643990929705", "195.41913832199546", "196.23183673469387", "197.02131519274377", "197.83401360544218", "198.62349206349205", "199.4361904761905", "200.22566893424036", "201.03836734693877", "201.85106575963718", "202.64054421768708", "203.43002267573695", "204.2427210884354", "205.0554195011338", "205.84489795918367", "206.63437641723357", "207.42385487528344", "208.23655328798185", "209.04925170068026", "209.83873015873016", "210.65142857142857", "211.46412698412698", "212.25360544217688", "213.04308390022675", "213.83256235827665", "214.64526077097506", "215.43473922902496", "216.24743764172337", "217.03691609977324", "217.84961451247165", "218.66231292517006", "219.45179138321996", "220.26448979591837", "221.05396825396826", "221.86666666666667", "222.65614512471655", "223.46884353741495", "224.25832199546485", "225.07102040816326", "225.86049886621316", "226.67319727891157", "227.46267573696144", "228.27537414965985", "229.06485260770975", "229.87755102040816", "230.66702947845806", "231.47972789115647", "232.26920634920634", "233.08190476190475", "233.87138321995465", "234.68408163265306", "235.47356009070296", "236.26303854875283", "237.07573696145124", "237.88843537414965", "238.67791383219955", "239.49061224489796", "240.28009070294786", "241.06956916099773", "241.88226757369614", "242.69496598639455", "243.48444444444445", "244.27392290249432", "245.08662131519273", "245.87609977324263", "246.68879818594104", "247.47827664399094", "248.29097505668935", "249.10367346938776", "249.89315192743763", "250.70585034013607", "251.49532879818594", "252.30802721088435", "253.09750566893425", "253.91020408163266", "254.69968253968253", "255.48916099773243", "256.30185941043084", "257.11455782312925", "257.9040362811791", "258.7167346938775", "259.50621315192745", "260.2956916099773", "261.10839002267574", "261.92108843537414", "262.710566893424", "263.5232653061224", "264.31274376417235", "265.1022222222222", "265.8917006802721", "266.7043990929705", "267.5170975056689", "268.30657596371884", "269.11927437641725", "269.93197278911566", "270.72145124716553", "271.5109297052154", "272.3236281179138", "273.11310657596374", "273.9025850340136", "274.715283446712", "275.52798185941043", "276.3174603174603", "277.1301587301587", "277.91963718820864", "278.73233560090705", "279.5218140589569", "280.33451247165533", "281.14721088435374", "281.9366893424036", "282.72616780045354", "283.53886621315195", "284.35156462585036", "285.14104308390023", "285.9305215419501", "286.72", "287.53269841269844", "288.34539682539685", "289.1348752834467", "289.9243537414966", 