{"songID": "7409832", "emotion": 4, "chorus": [[14.672, 32.706], [194.757, 215.125]], "intro": [0, 14.672], "re_intro": [], "outro": [104.11, 123.739], "H_rhythm": ["6.942766439909297", "7.291065759637188", "7.63936507936508", "7.987664399092971", "8.335963718820862", "8.661043083900227", "8.986122448979591", "9.334421768707482", "9.659501133786849", "10.00780045351474", "10.356099773242631", "11.400997732426303", "11.749297052154194", "12.07437641723356", "12.399455782312925", "12.747755102040816", "13.096054421768708", "13.444353741496599", "13.79265306122449", "14.117732426303855", "14.44281179138322", "14.79111111111111", "15.139410430839002", "15.464489795918368", "15.81278911564626", "17.856145124716555", "18.204444444444444", "18.552743764172334", "18.901043083900227", "19.249342403628116", "19.551201814058956", "19.87628117913832", "20.24780045351474", "20.59609977324263", "20.94439909297052", "21.292698412698414", "21.640997732426303", "21.989297052154196", "22.337596371882086", "22.66267573696145", "22.987755102040815", "23.312834467120183", "23.661133786848072", "24.009433106575965", "24.357732426303855", "24.706031746031748", "25.031111111111112", "26.05278911564626", "26.377868480725624", "26.726167800453513", "28.421224489795918", "28.746303854875283", "29.1178231292517", "29.466122448979593", "30.48780045351474", "30.83609977324263", "31.161179138321994", "31.48625850340136", "31.811337868480727", "32.15963718820862", "32.507936507936506", "32.8562358276644", "33.20453514739229", "33.52961451247165", "33.877913832199546", "34.22621315192744", "34.5512925170068", "34.87637188208617", "35.22467120181406", "35.57297052154195", "35.92126984126984", "36.26956916099773", "36.617868480725626", "36.96616780045351", "37.29124716553288", "37.63954648526077", "39.65968253968254", "40.00798185941043", "40.35628117913832", "40.704580498866214", "41.07609977324263", "41.40117913832199", "42.05133786848072", "42.399637188208615", "42.74793650793651", "43.0962358276644", "43.44453514739229", "43.79283446712018", "44.14113378684807", "44.46621315192744", "44.7912925170068", "45.139591836734695", "45.48789115646259", "45.836190476190474", "46.18448979591837", "46.53278911564626", "46.85786848072562", "47.18294784580499", "47.50802721088435", "47.85632653061224", "48.204625850340136", "48.529705215419504", "48.87800453514739", "49.22630385487528", "49.55138321995465", "49.89968253968254", "50.24798185941043", "50.59628117913832", "50.944580498866216", "51.26965986394558", "51.594739229024945", "51.94303854875283", "52.291337868480724", "52.63963718820862", "52.964716553287985", "53.31301587301587", "53.661315192743764", "53.98639455782313", "54.33469387755102", "54.659773242630386", "57.77124716553288", "58.11954648526077", "58.46784580498866", "58.816145124716556", "59.14122448979592", "59.48952380952381", "61.18458049886621", "61.50965986394558", "61.85795918367347", "62.18303854875283", "62.5081179138322", "62.85641723356009", "63.227936507936505", "63.5762358276644", "63.92453514739229", "64.24961451247165", "64.57469387755103", "64.92299319727891", "65.2712925170068", "65.6195918367347", "65.94467120181406", "66.26975056689342", "66.61804988662132", "66.96634920634921", "67.3146485260771", "67.63972789115647", "67.96480725623583", "68.31310657596372", "68.68462585034014", "69.0097052154195", "69.31156462585034", "69.68308390022676", "70.00816326530612", "70.35646258503401", "70.68154195011338", "71.35492063492063", "71.70321995464853", "72.02829931972789", "72.37659863945578", "72.72489795918368", "73.04997732426304", "74.09487528344671", "74.4431746031746", "74.76825396825397", "75.09333333333333", "75.44163265306122", "75.78993197278912", "76.16145124716553", "76.50975056689343", "76.85804988662132", "77.18312925170068", "77.53142857142858", "77.85650793650794", "78.1815873015873", "78.55310657596372", "78.90140589569161", "79.2497052154195", "79.57478458049887", "80.27138321995464", "80.59646258503402", "80.9447619047619", "81.29306122448979", "81.64136054421769", "81.98965986394558", "82.33795918367348", "82.66303854875284", "83.31319727891156", "83.63827664399093", "83.98657596371882", "84.3348752834467", "84.6831746031746", "85.03147392290249", "85.37977324263039", "85.72807256235828", "86.07637188208616", "86.378231292517", "86.7265306122449", "87.07482993197279", "87.39990929705215", "87.77142857142857", "88.09650793650793", "88.44480725623583", "88.7698866213152", "89.09496598639456", "89.44326530612246", "89.79156462585034", "90.13986394557823", "90.48816326530613", "90.83646258503401", "91.16154195011337", "91.50984126984127", "91.85814058956916", "92.18321995464852", "92.53151927437642", "92.87981859410431", "93.20489795918367", "93.55319727891157", "93.90149659863945", "94.22657596371882", "94.57487528344672", "94.9231746031746", "95.2714739229025", "95.61977324263039", "95.94485260770975", "96.98975056689342", "97.3148299319728", "97.66312925170068", "97.98820861678004", "98.33650793650794", "98.68480725623583", "99.03310657596371", "99.35818594104309", "99.68326530612245", "100.03156462585034", "100.37986394557824", "100.72816326530612", "101.09968253968253", "101.42476190476191", "101.74984126984127", "102.07492063492063", "102.74829931972789", "103.09659863945578", "103.44489795918368", "110.5966439909297", "110.94494331065759", "111.29324263038549", "115.82113378684807", "116.16943310657597", "117.23755102040816", "117.58585034013605", "117.93414965986395", "124.55183673469388", "124.90013605442176", "125.24843537414966", "125.59673469387755", "125.92181405895691", "126.27011337868481", "126.59519274376417", "126.94349206349206", "127.29179138321996", "127.64009070294784", "127.9651700680272", "128.3134693877551", "128.661768707483", "128.98684807256237", "129.33514739229025", "129.68344671201814", "130.03174603174602", "130.3568253968254", "130.70512471655329", "131.05342403628117", "131.37850340136055", "131.72680272108843", "132.0518820861678", "132.37696145124715", "132.74848072562358", "133.07356009070295", "133.42185941043084", "133.74693877551022", "134.0952380952381", "134.443537414966", "134.76861678004536", "135.11691609977325", "135.46521541950113", "135.7902947845805", "136.1385941043084", "136.48689342403628", "136.81197278911566", "137.16027210884354", "137.50857142857143", "137.85687074829931", "138.2051700680272", "138.55346938775511", "138.87854875283446", "139.22684807256235", "139.57514739229026", "139.9002267573696", "140.2485260770975", "140.5968253968254", "140.9451247165533", "141.27020408163264", "141.61850340136056", "141.96680272108844", "142.2918820861678", "142.6401814058957", "142.94204081632654", "143.29034013605443", "143.6386394557823", "143.9637188208617", "144.31201814058957", "144.66031746031746", "145.00861678004534", "146.37859410430838", "146.7268934240363", "147.07519274376418", "149.09532879818593", "149.44362811791385", "149.79192743764173", "151.13868480725623", "151.48698412698414", "151.83528344671203", "152.1835827664399", "152.5086621315193", "154.5752380952381", "154.92353741496598", "155.27183673469386", "157.3151927437642", "157.64027210884353", "157.98857142857142", "160.0319274376417", "160.3570068027211", "160.68208616780046", "161.37868480725623", "161.72698412698412", "162.075283446712", "162.42358276643992", "162.7718820861678", "163.09696145124715", "163.42204081632653", "164.44371882086168", "164.76879818594105", "165.0938775510204", "165.4421768707483", "165.7904761904762", "166.11555555555555", "166.46385487528346", "168.2053514739229", "168.5536507936508", "168.87873015873015", "170.92208616780044", "171.27038548752836", "171.61868480725624", "173.68526077097505", "174.03356009070293", "174.38185941043085", "176.3787755102041", "176.72707482993198", "177.05215419501133", "179.11873015873016", "179.46702947845804", "179.79210884353742", "181.85868480725622", "182.20698412698414", "182.5320634920635", "184.57541950113378", "184.92371882086167", "185.24879818594104", 