{"songID": "7110901", "emotion": 1, "chorus": [[59.376, 74.484], [108.553, 123.443], [141.378, 155.843], [155.90699999999998, 170.405]], "intro": [0, 14.467], "re_intro": [], "outro": [0, 14.467], "H_rhythm": ["13.79265306122449", "14.698231292517006", "15.603809523809524", "16.532607709750568", "17.438185941043084", "18.3437641723356", "19.249342403628116", "20.154920634920636", "21.083718820861677", "21.989297052154196", "22.918095238095237", "23.823673469387757", "24.729251700680273", "25.658049886621317", "26.563628117913833", "27.46920634920635", "28.374784580498865", "29.30358276643991", "30.1859410430839", "31.13795918367347", "32.04353741496599", "32.949115646258505", "33.85469387755102", "34.76027210884354", "35.68907029478458", "36.617868480725626", "37.52344671201814", "38.42902494331066", "39.334603174603174", "40.24018140589569", "41.145759637188206", "42.074557823129254", "42.98013605442177", "43.90893424036281", "44.83773242630385", "45.743310657596375", "46.625668934240366", "47.55446712018141", "48.48326530612245", "49.388843537414964", "50.271201814058955", "51.2", "52.10557823129252", "53.03437641723356", "53.939954648526076", "54.84553287981859", "55.75111111111111", "56.679909297052156", "57.58548752834467", "58.51428571428571", "59.41986394557823", "60.32544217687075", "61.23102040816327", "62.15981859410431", "63.08861678004535", "63.994195011337865", "64.87655328798186", "65.82857142857142", "66.73414965986395", "67.63972789115647", "68.54530612244898", "69.4508843537415", "70.35646258503401", "71.28526077097506", "72.19083900226758", "73.11963718820861", "74.02521541950114", "74.93079365079365", "75.83637188208617", "76.76517006802722", "77.6475283446712", "78.57632653061225", "79.48190476190476", "80.43392290249433", "81.29306122448979", "82.22185941043084", "83.15065759637189", "84.07945578231292", "84.96181405895692", "85.86739229024943", "86.77297052154195", "87.701768707483", "88.6073469387755", "89.53614512471655", "90.44172335600906", "91.34730158730159", "92.25287981859411", "93.20489795918367", "94.11047619047619", "95.0160544217687", "95.8984126984127", "96.82721088435375", "97.73278911564626", "98.6615873015873", "99.56716553287981", "100.47274376417234", "101.37832199546486", "102.30712018140589", "103.21269841269842", "104.11827664399092", "105.04707482993197", "105.9526530612245", "106.88145124716553", "107.78702947845805", "108.69260770975056", "109.59818594104308", "110.52698412698413", "111.43256235827664", "112.36136054421769", "113.2669387755102", "114.17251700680272", "115.10131519274377", "115.98367346938775", "116.9124716553288", "117.84126984126983", "118.74684807256236", "119.65242630385488", "120.55800453514739", "121.46358276643991", "122.39238095238095", "123.29795918367347", "124.203537414966", "125.1091156462585", "126.03791383219955", "126.94349206349206", "127.84907029478458", "128.7546485260771", "129.68344671201814", "130.6122448979592", "131.5178231292517", "132.4234013605442", "133.32897959183674", "134.2577777777778", "135.1633560090703", "136.0689342403628", "136.97451247165532", "137.90331065759636", "138.8088888888889", "139.69124716553287", "140.5968253968254", "141.54884353741497", "142.45442176870748", "143.38321995464852", "144.28879818594103", "145.19437641723357", "146.1231746031746", "147.02875283446713", "147.93433106575964", "148.83990929705215", "149.7687074829932", "150.6742857142857", "151.57986394557824", "152.5086621315193", "153.4142403628118", "154.34303854875284", "155.2253968253968", "156.15419501133786", "157.0597732426304", "157.98857142857142", "158.89414965986396", "159.79972789115646", "160.70530612244897", "161.63410430839002", "162.53968253968253", "163.44526077097507", "164.3740589569161", "165.27963718820862", "166.18521541950113", "167.09079365079364", "168.0195918367347", "168.94839002267574", "169.85396825396825", "170.73632653061225", "171.64190476190475", "172.59392290249434", "173.49950113378685", "174.38185941043085", "175.31065759637187", "176.2162358276644", "177.14503401360545", "178.05061224489796", "178.95619047619047", "179.88498866213152", "180.76734693877552", "181.69614512471657", "182.62494331065759", "183.53052154195012", "184.43609977324263", "185.36489795918368", "186.2704761904762", "187.1760544217687", "188.08163265306123", "188.98721088435374", "189.9160090702948", "190.8215873015873", "191.75038548752835", "192.63274376417235", "193.56154195011337", "194.4671201814059", "195.39591836734695", "196.30149659863946", "197.20707482993197", "198.11265306122448", "199.04145124716553", "199.97024943310657", "200.87582766439908", "201.80462585034013", "202.73342403628118", "203.61578231292518", "204.52136054421769", "205.4269387755102", "206.35573696145124", "207.26131519274375", "209.0724716553288", "209.9780498866213", "210.88362811791384"], "L_rhythm": ["12.887074829931972", "29.071383219954647", "42.77115646258503", "52.569977324263036", "63.52979591836735", "65.57315192743764", "69.0097052154195", "70.82086167800453", "71.51746031746032", "74.2574149659864", "77.43854875283446", "79.27292517006802", "79.9695238095238", "81.10730158730159", "82.68625850340136", "83.61505668934241", "84.75283446712018", "85.42621315192744", "88.39836734693877", "89.30394557823129", "90.20952380952382", "91.11510204081632", "101.84272108843537", "102.09814058956916", "105.5114739229025", "110.99138321995464", "116.44807256235828", "118.05024943310657", "118.28244897959183", "120.09360544217687", "122.83356009070295", "129.4744671201814", "130.3800453514739", "131.05342403628117", "131.28562358276645", "136.30113378684808", "137.67111111111112", "141.78104308390022", "142.0132426303855", "143.59219954648526", "144.98539682539683", "150.90648526077098", "153.18204081632652", "154.08761904761906", "155.68979591836734", "158.19755102040816", "159.35854875283448", "161.40190476190477", "163.9096598639456", "165.04743764172335", "166.64961451247166", "170.29514739229026", "171.17750566893423", "172.33850340136055", "172.77968253968254", "173.03510204081633", "173.96390022675737", "175.07845804988662", "175.7750566893424", "179.65278911564627", "180.09396825396826", "182.16054421768706", "182.39274376417234", "183.29832199546485", "184.20390022675738", "186.06149659863945", "186.71165532879817", "186.96707482993196", "187.40825396825397", "187.64045351473922", "189.660589569161", "190.38040816326532", "190.58938775510205", "192.19156462585033", "192.44698412698412", "194.25814058956917", "194.69931972789115", "197.6714739229025", "198.60027210884354", "198.80925170068028", "200.64362811791383", "205.21795918367346", "205.68235827664398", "209.30467120181405", "211.81242630385486"], "section": [[14.467, 21.019000000000002], [35.728, 55.824], [59.376, 74.484], [76.197, 82.828], [83.231, 101.512], [108.553, 123.443], [141.378, 155.843], [155.90699999999998, 170.405], [201.972, 208.804]]}