{"songID": "7013785", "emotion": 5, "chorus": [[67.222, 115.03699999999999], [161.922, 209.124], [209.391, 260.384]], "intro": [0, 22.645], "re_intro": [[115.03699999999999, 139.525]], "outro": [260.384, 277.7770068027211], "H_rhythm": ["6.408707482993197", "7.128526077097506", "12.027936507936507", "12.72453514739229", "13.421133786848072", "14.071292517006803", "14.744671201814059", "15.418049886621315", "16.091428571428573", "16.764807256235827", "17.41496598639456", "18.06512471655329", "22.77877551020408", "23.475374149659864", "24.171972789115646", "24.86857142857143", "25.56517006802721", "26.23854875283447", "27.608526077097505", "28.305124716553287", "29.00172335600907", "31.114739229024945", "31.7881179138322", "32.48471655328798", "33.18131519274377", "33.85469387755102", "34.5512925170068", "35.944489795918365", "36.664308390022676", "37.384126984126986", "38.05750566893424", "38.75410430839002", "39.47392290249433", "40.170521541950116", "40.867120181405895", "41.56371882086168", "42.26031746031746", "43.653514739229024", "44.35011337868481", "45.023492063492064", "45.72009070294784", "46.439909297052154", "47.09006802721088", "47.809886621315194", "48.50648526077097", "49.22630385487528", "49.92290249433107", "50.59628117913832", "51.2928798185941", "51.98947845804989", "52.68607709750567", "53.38267573696145", "54.07927437641723", "54.79909297052154", "55.49569160997732", "56.16907029478458", "56.888888888888886", "57.56226757369615", "58.2356462585034", "58.93224489795919", "59.65206349206349", "60.348662131519276", "61.06848072562358", "61.765079365079366", "62.461678004535145", "63.15827664399093", "63.85487528344671", "64.55147392290249", "65.22485260770975", "65.92145124716554", "66.64126984126985", "67.3146485260771", "68.0344671201814", "68.73106575963719", "69.42766439909298", "70.12426303854875", "70.82086167800453", "71.51746031746032", "72.2140589569161", "72.88743764172335", "73.58403628117914", "74.30385487528345", "75.00045351473923", "75.697052154195", "76.37043083900227", "77.06702947845805", "77.76362811791383", "78.46022675736961", "79.18004535147392", "79.87664399092971", "80.5732426303855", "81.24662131519274", "81.96643990929705", "82.66303854875284", "83.35963718820862", "84.03301587301587", "84.75283446712018", "85.44943310657597", "86.14603174603175", "86.84263038548752", "87.53922902494331", "88.2358276643991", "88.93242630385488", "89.62902494331065", "90.32562358276644", "91.02222222222223", "91.71882086167801", "92.41541950113378", "93.11201814058957", "93.80861678004536", "94.50521541950113", "95.20181405895691", "95.8984126984127", "96.59501133786848", "97.29160997732426", "97.96498866213152", "98.68480725623583", "99.35818594104309", "100.05478458049886", "100.75138321995465", "101.47120181405896", "102.16780045351474", "102.86439909297052", "103.5609977324263", "104.25759637188209", "104.95419501133787", "105.65079365079364", "106.34739229024943", "107.04399092970522", "107.740589569161", "108.43718820861677", "109.13378684807256", "109.83038548752835", "110.52698412698413", "111.2235827664399", "111.92018140589569", "112.61678004535148", "113.31337868480726", "114.03319727891156", "114.70657596371882", "115.4031746031746", "116.09977324263039", "116.79637188208616", "118.18956916099773", "118.88616780045352", "119.58276643990929", "120.97596371882086", "121.67256235827665", "122.36916099773242", "123.06575963718821", "123.762358276644", "124.45895691609978", "125.15555555555555", "125.85215419501134", "126.54875283446712", "127.24535147392291", "127.94195011337868", "128.63854875283448", "129.33514739229025", "130.03174603174602", "130.72834467120182", "131.4249433106576", "132.12154195011337", "132.81814058956917", "133.51473922902494", "134.2113378684807", "134.9079365079365", "135.60453514739228", "136.30113378684808", "136.99773242630386", "137.69433106575963", "139.0875283446712", "139.8073469387755", "140.48072562358277", "141.17732426303854", "141.87392290249434", "142.54730158730158", "143.2671201814059", "143.9637188208617", "144.66031746031746", "145.35691609977323", "146.05351473922903", "146.7501133786848", "147.4467120181406", "148.14331065759637", "148.83990929705215", "149.53650793650795", "150.23310657596372", "150.9297052154195", "151.6263038548753", "152.32290249433106", "153.04272108843537", "153.71609977324263", "154.4126984126984", "155.1092970521542", "155.80589569160998", "156.50249433106575", "157.22231292517006", "157.89569160997732", "158.59229024943312", "159.2888888888889", "159.98548752834466", "160.68208616780046", "161.37868480725623", "162.09850340136055", "162.79510204081632", "163.46848072562358", "164.16507936507938", "164.86167800453515", "165.55827664399092", "166.25487528344672", "166.9514739229025", "167.64807256235827", "168.34467120181407", "169.04126984126984", "169.76108843537415", "170.4344671201814", "171.13106575963718", "171.82766439909298", "172.5474829931973", "173.24408163265306", "173.94068027210884", "174.63727891156464", "175.3338775510204", "176.00725623582767", "176.72707482993198", "177.40045351473924", "178.097052154195", "178.79365079365078", "179.49024943310658", "180.18684807256236", "180.90666666666667", "181.60326530612244", "182.2766439909297", "182.9732426303855", "183.6930612244898", "184.38965986394558", "185.06303854875284", "185.75963718820861", "186.47945578231293", "187.1760544217687", "187.8726530612245", "188.56925170068027", "189.26585034013604", "189.9392290249433", "190.6358276643991", "191.33242630385487", "192.05224489795918", "192.74884353741496", "193.44544217687076", "194.14204081632653", "194.8386394557823", "195.5352380952381", "196.23183673469387", "196.92843537414967", "197.62503401360544", "198.32163265306122", "199.01823129251702", "199.69160997732428", "200.41142857142856", "201.08480725623582", "201.78140589569162", "202.4780045351474", "203.17460317460316", "203.89442176870747", "204.59102040816327", "205.26439909297054", "205.9609977324263", "206.65759637188208", "207.3774149659864", "208.0740136054422", "208.77061224489796", "209.46721088435373", "210.16380952380953", "210.8604081632653", "211.55700680272108", "212.25360544217688", "212.95020408163265", "213.64680272108845", "214.34340136054422", "215.04", "215.7365986394558", "216.43319727891156", "217.12979591836734", "217.82639455782314", "218.5229931972789", "219.2195918367347", "219.91619047619048", "220.61278911564625", "221.30938775510205", "222.00598639455782", "222.7025850340136", "223.3991836734694", "224.09578231292517", "224.79238095238094", "225.48897959183674", "226.1855782312925", "226.8821768707483", "227.57877551020408", "228.27537414965985", "228.97197278911565", "229.66857142857143", "230.3651700680272", "231.061768707483", "231.75836734693877", "232.45496598639457", "233.15156462585034", "233.8481632653061", "234.5447619047619", "235.24136054421768", "235.93795918367346", "236.63455782312926", "237.33115646258503", "238.02775510204083", "238.7243537414966", "239.42095238095237", "240.11755102040817", "240.81414965986394", "241.51074829931972", "242.20734693877552", "242.9039455782313", "243.6005442176871", "244.29714285714286", "244.99374149659863", "245.69034013605443", "246.3869387755102", "247.08353741496597", "247.78013605442177", "248.47673469387755", "249.17333333333335", "249.86993197278912", "250.5665306122449", "251.2631292517007", "251.95972789115646", "252.63310657596372", "259.41333333333336", "260.0867120181406", "260.92263038548754", "261.6192290249433", "262.3158276643991", "263.0356462585034", "263.7554648526077", "264.428843537415", "265.82204081632653", "266.5186394557823", "267.2152380952381"],