{"songID": "7408598", "emotion": 1, "chorus": [[61.219, 78.11], [139.558, 156.554], [159.221, 176.07399999999998], [178.798, 195.705]], "intro": [0, 21.993], "re_intro": [], "outro": [203.338, 213.6009977324263], "H_rhythm": ["1.8575963718820863", "2.461315192743764", "3.0650340136054424", "3.6687528344671203", "4.295691609977324", "4.899410430839002", "5.526349206349207", "6.130068027210885", "6.757006802721088", "7.383945578231293", "7.987664399092971", "8.591383219954649", "9.195102040816327", "9.822040816326531", "10.425759637188209", "11.029478458049887", "11.656417233560092", "12.26013605442177", "12.863854875283447", "13.49079365079365", "14.094512471655328", "14.698231292517006", "15.32517006802721", "15.928888888888888", "16.532607709750568", "17.159546485260773", "17.76326530612245", "18.390204081632653", "18.99392290249433", "19.59764172335601", "20.201360544217685", "20.82829931972789", "21.408798185941045", "22.058956916099774", "22.66267573696145", "23.26639455782313", "23.870113378684806", "24.49705215419501", "25.123990929705215", "25.727709750566895", "26.33142857142857", "26.958367346938775", "27.562086167800455", "28.16580498866213", "28.76952380952381", "29.396462585034012", "30.00018140589569", "30.627120181405896", "31.2540589569161", "31.857777777777777", "32.46149659863946", "33.065215419501136", "33.66893424036281", "34.29587301587301", "34.89959183673469", "35.5265306122449", "36.13024943310658", "36.73396825396826", "37.36090702947846", "37.964625850340134", "38.568344671201814", "39.19528344671202", "39.7990022675737", "40.4259410430839", "41.029659863945575", "41.633378684807255", "42.237097505668935", "42.86403628117914", "43.46775510204082", "44.09469387755102", "44.72163265306123", "45.3253514739229", "45.92907029478458", "46.53278911564626", "47.13650793650794", "47.763446712018144", "48.36716553287982", "48.99410430839002", "49.5978231292517", "50.224761904761905", "50.828480725623585", "51.43219954648526", "52.05913832199546", "52.66285714285714", "53.26657596371882", "53.893514739229026", "54.497233560090706", "55.12417233560091", "55.72789115646258", "56.35482993197279", "56.95854875283447", "57.56226757369615", "58.18920634920635", "58.792925170068024", "59.396643990929704", "60.02358276643991", "60.62730158730159", "61.23102040816327", "61.85795918367347", "62.461678004535145", "63.065396825396824", "63.669115646258504", "64.2960544217687", "64.89977324263039", "65.52671201814059", "66.13043083900227", "66.73414965986395", "67.33786848072562", "67.96480725623583", "68.5685260770975", "69.19546485260771", "69.79918367346939", "71.02984126984127", "71.63356009070294", "72.23727891156463", "72.8409977324263", "73.44471655328798", "74.07165532879819", "74.67537414965986", "75.30231292517007", "75.90603174603174", "76.50975056689343", "77.1134693877551", "77.71718820861678", "78.32090702947846", "78.94784580498866", "79.55156462585035", "80.17850340136054", "80.78222222222222", "81.3859410430839", "82.0128798185941", "82.61659863945579", "83.24353741496599", "83.84725623582766", "84.47419501133787", "85.10113378684807", "85.72807256235828", "86.30857142857143", "86.91229024943311", "87.51600907029479", "88.14294784580498", "88.7698866213152", "89.39682539682539", "90.00054421768708", "90.62748299319728", "91.23120181405896", "91.83492063492064", "92.46185941043083", "93.06557823129252", "93.69251700680272", "94.2962358276644", "94.89995464852608", "95.52689342403629", "96.13061224489796", "96.73433106575963", "97.96498866213152", "98.56870748299319", "99.17242630385488", "99.77614512471655", "100.40308390022676", "101.03002267573696", "101.63374149659865", "102.23746031746032", "102.84117913832199", "103.4681179138322", "104.07183673469387", "104.67555555555556", "105.30249433106576", "105.92943310657597", "106.53315192743764", "107.13687074829932", "107.740589569161", "108.3675283446712", "108.99446712018141", "109.59818594104308", "110.20190476190476", "110.82884353741497", "111.43256235827664", "112.03628117913833", "112.66321995464853", "113.2669387755102", "113.89387755102041", "114.47437641723356", "115.10131519274377", "115.70503401360544", "116.33197278911565", "116.93569160997733", "117.539410430839", "118.16634920634921", "118.79328798185941", "119.3970068027211", "120.00072562358277", "120.60444444444444", "121.23138321995465", "121.83510204081632", "122.46204081632654", "123.08897959183673", "123.66947845804988", "124.29641723356009", "124.90013605442176", "125.50385487528345", "126.13079365079365", "126.73451247165534", "127.33823129251701", "127.9651700680272", "128.5688888888889", "129.1958276643991", "129.79954648526078", "130.40326530612245", "131.03020408163266", "131.63392290249433", "132.237641723356", "132.84136054421768", "133.4682993197279", "134.07201814058956", "134.69895691609977", "135.32589569161", "135.92961451247166", "136.55655328798187", "137.16027210884354", "137.78721088435375", "138.39092970521543", "138.9946485260771", "139.6215873015873", "140.22530612244898", "140.82902494331066", "141.45596371882087", "142.036462585034", "142.6401814058957", "143.2671201814059", "143.8940589569161", "144.49777777777777", "145.12471655328798", "145.72843537414965", "146.35537414965987", "146.95909297052154", "147.5628117913832", "148.18975056689342", "148.7934693877551", "149.39718820861677", "150.00090702947847", "150.62784580498865", "151.23156462585035", "151.83528344671203", "152.4622222222222", "153.0659410430839", "153.6928798185941", "154.2965986394558", "154.90031746031747", "155.50403628117914", "156.13097505668935", "156.73469387755102", "157.3384126984127", "157.9653514739229", "158.59229024943312", "159.1960090702948", "159.79972789115646", "160.40344671201814", "161.0071655328798", "161.61088435374148", "162.2378231292517", "162.84154195011337", "163.46848072562358", "164.07219954648525", "164.69913832199546", "165.30285714285714", "165.9065759637188", "166.53351473922902", "167.1372335600907", "167.7409523809524", "168.36789115646258", "168.97160997732425", "169.59854875283446", "170.20226757369613", "170.80598639455783", "171.4097052154195", "172.03664399092972", "172.6635827664399", "173.26730158730157", "173.87102040816328", "174.47473922902495", "175.10167800453516", "175.70539682539683", "176.3091156462585", "176.95927437641723", "177.5397732426304", "178.1667120181406", "178.74721088435373", "179.39736961451248", "180.00108843537416", "180.60480725623583", "181.2085260770975", "181.8354648526077", "182.4391836734694", "183.0661224489796", "183.66984126984127", "184.29678004535148", "184.90049886621316", "185.50421768707483", "186.1079365079365", "186.7348752834467", "187.33859410430838", "187.94231292517006", "188.54603174603176", "189.17297052154194", "189.7766893424036", "190.40362811791383", "191.0073469387755", "191.6110657596372", "192.21478458049887", "192.84172335600908", "193.44544217687076", "194.07238095238094", "194.67609977324264", "195.2798185941043", "195.88353741496599", "196.5104761904762", "197.11419501133787", "197.74113378684808", "198.34485260770975", "198.97179138321997", "199.59873015873015", "200.22566893424036", "200.80616780045352", "201.4331065759637", "202.06004535147392", "204.61424036281178", "205.26439909297054", "205.8681179138322", "206.47183673469388"],