{"songID": "7033009", "emotion": 4, "chorus": [[58.55, 70.00399999999999], [151.399, 162.47799999999998], [176.946, 188.28]], "intro": [0, 30.736], "re_intro": [[54.127, 58.55], [108.578, 126.636]], "outro": [253.816, 266.0170068027211], "H_rhythm": ["0.11609977324263039", "0.9287981859410431", "33.13487528344671", "33.924353741496596", "36.31600907029478", "37.1287074829932", "37.918185941043085", "39.52036281179139", "40.333061224489796", "41.12253968253968", "42.72471655328798", "43.51419501133787", "44.32689342403628", "45.139591836734695", "45.92907029478458", "46.718548752834465", "47.53124716553288", "65.92145124716554", "66.73414965986395", "67.52362811791383", "68.31310657596372", "69.91528344671202", "70.70476190476191", "71.51746031746032", "84.3348752834467", "85.1243537414966", "85.91383219954649", "86.7265306122449", "87.51600907029479", "88.30548752834467", "89.11818594104308", "89.90766439909297", "90.72036281179139", "91.50984126984127", "92.32253968253968", "93.11201814058957", "93.90149659863945", "97.08263038548753", "97.89532879818594", "98.68480725623583", "125.87537414965986", "126.66485260770975", "127.47755102040816", "128.26702947845806", "129.07972789115647", "129.86920634920634", "130.68190476190478", "131.47138321995465", "132.28408163265306", "133.07356009070295", "133.86303854875283", "134.67573696145124", "135.46521541950113", "136.27791383219954", "137.09061224489795", "137.88009070294785", "138.66956916099772", "139.45904761904762", "140.2485260770975", "141.0612244897959", "141.87392290249434", "142.6401814058957", "143.4528798185941", "144.26557823129252", "145.07827664399093", "145.8677551020408", "146.6572335600907", "147.4699319727891", "148.259410430839", "149.07210884353742", "149.88480725623583", "150.6742857142857", "151.4637641723356", "152.276462585034", "153.0659410430839", "153.85541950113378", "154.64489795918368", "155.4575963718821", "156.24707482993196", "157.0597732426304", "157.8724716553288", "158.66195011337868", "159.45142857142858", "160.264126984127", "161.05360544217686", "161.86630385487527", "162.65578231292517", "163.46848072562358", "164.25795918367348", "165.04743764172335", "165.86013605442176", "166.64961451247166", "167.43909297052153", "169.06448979591838", "169.85396825396825", "170.66666666666666", "171.45614512471656", "172.24562358276643", "173.05832199546487", "173.84780045351474", "174.63727891156464", "175.44997732426305", "176.26267573696146", "177.05215419501133", "177.84163265306123", "181.85868480725622", "182.64816326530612", "183.43764172335602", "185.0398185941043", "185.8525170068027", "186.6419954648526", "188.2441723356009", "189.0336507936508", "189.8463492063492", "190.6358276643991", "191.42530612244897", "194.6296598639456", "195.442358276644", "196.2550566893424", "197.04453514739228", "197.83401360544218", "198.6467120181406", "199.4361904761905", "200.22566893424036", "201.03836734693877", "201.85106575963718", "202.64054421768708", "203.4532426303855", "204.2659410430839", "205.0786394557823", "205.9609977324263", "208.53841269841269", "209.37433106575963", "210.18702947845804", "210.97650793650794", "211.7659863945578", "212.57868480725622", "213.36816326530612", "214.18086167800453", "214.97034013605443", "215.78303854875284", "216.5725170068027", "217.38521541950112", "218.19791383219956", "218.98739229024943", "219.77687074829933", "220.5663492063492", "221.3790476190476", "222.1685260770975", "222.98122448979592", "223.7707029478458", "224.58340136054423", "225.3728798185941", "226.1855782312925", "226.9750566893424", "227.78775510204082", "228.5772335600907", "229.3667120181406", "230.179410430839", "230.9688888888889", "231.75836734693877", "232.57106575963718", "233.36054421768708", "234.1732426303855", "234.9627210884354", "235.7754195011338", "236.56489795918367", "237.37759637188208", "238.16707482993198", "238.9797732426304", "239.7692517006803", "240.55873015873016", "241.37142857142857", "242.16090702947847", "242.97360544217688", "243.76308390022675", "244.57578231292516", "245.3884807256236", "246.15473922902495", "246.92099773242631", "247.68725623582768", "250.82195011337868", "251.61142857142858"], "L_rhythm": ["33.55283446712018", "43.119455782312926", "127.8722902494331", "129.49768707482994", "131.05342403628117", "134.2577777777778", "137.46213151927438", "151.85850340136054", "176.6574149659864", "220.98430839002268", "238.5618140589569", "247.22285714285715"], "section": [[30.736, 35.869], [58.55, 70.00399999999999], [71.37, 82.99600000000001], [104.193, 108.578], [126.636, 131.985], [151.399, 162.47799999999998], [164.102, 175.73], [176.946, 188.28], [219.66, 225.132], [226.02100000000002, 229.997], [232.315, 237.879], [238.828, 242.87], [245.239, 253.816]]}