{"songID": "7012488", "emotion": 0, "chorus": [[106.525, 136.246], [195.626, 225.579], [226.637, 256.755]], "intro": [0, 51.707], "re_intro": [[136.246, 168.382]], "outro": [256.755, 293.0649886621315], "H_rhythm": ["3.645532879818594", "4.481451247165533", "18.99392290249433", "19.853061224489796", "20.851519274376418", "21.757097505668934", "22.6162358276644", "23.49859410430839", "24.38095238095238", "25.240090702947846", "26.076009070294784", "26.93514739229025", "27.794285714285714", "28.676643990929705", "31.184399092970523", "32.04353741496599", "32.92589569160998", "33.78503401360544", "35.50331065759637", "36.31600907029478", "37.17514739229025", "38.034285714285716", "38.91664399092971", "39.77578231292517", "40.63492063492063", "41.470839002267574", "42.32997732426304", "43.1891156462585", "44.04825396825397", "44.90739229024943", "45.789750566893424", "46.625668934240366", "54.14893424036281", "54.98485260770975", "56.05297052154195", "56.91210884353742", "57.77124716553288", "58.63038548752834", "59.48952380952381", "60.348662131519276", "61.207800453514736", "62.0669387755102", "62.92607709750567", "63.76199546485261", "64.62113378684808", "65.48027210884354", "66.339410430839", "67.19854875283447", "68.05768707482993", "68.9168253968254", "69.77596371882086", "70.63510204081632", "71.4942403628118", "72.35337868480725", "73.21251700680273", "74.04843537414966", "74.90757369614512", "75.7667120181406", "76.62585034013605", "77.48498866213151", "78.34412698412699", "79.18004535147392", "80.06240362811792", "80.92154195011338", "81.75746031746031", "82.61659863945579", "83.47573696145125", "84.31165532879818", "85.17079365079366", "86.02993197278911", "86.88907029478457", "87.74820861678005", "88.63056689342403", "89.46648526077098", "90.32562358276644", "91.1847619047619", "92.04390022675737", "92.87981859410431", "93.7621768707483", "94.62131519274377", "95.50367346938775", "96.3395918367347", "97.17551020408163", "98.03464852607709", "98.89378684807257", "99.75292517006802", "100.6120634920635", "101.47120181405896", "102.33034013605442", "103.16625850340137", "104.04861678004535", "104.90775510204081", "105.74367346938776", "106.57959183673469", "107.46195011337869", "108.32108843537415", "109.20344671201813", "110.03936507936508", "110.89850340136054", "111.73442176870748", "112.61678004535148", "113.45269841269841", "114.31183673469388", "115.17097505668934", "116.0301133786848", "116.88925170068028", "117.74839002267574", "118.6075283446712", "119.44344671201814", "120.32580498866213", "121.16172335600908", "122.02086167800454", "122.90321995464852", "123.73913832199547", "124.62149659863945", "125.45741496598639", "126.31655328798186", "127.17569160997732", "128.03482993197278", "128.89396825396827", "129.75310657596373", "130.6122448979592", "131.47138321995465", "132.3305215419501", "133.16643990929705", "134.002358276644", "134.88471655328797", "135.74385487528346", "136.57977324263038", "137.43891156462584", "138.29804988662133", "139.1804081632653", "140.0627664399093", "140.92190476190476", "141.80426303854875", "142.6634013605442", "143.49931972789116", "144.33523809523808", "145.21759637188208", "146.07673469387754", "146.93587301587303", "147.77179138321995", "148.6309297052154", "149.4900680272109", "150.34920634920636", "151.20834467120181", "152.0907029478458", "152.92662131519273", "153.78575963718822", "158.87092970521542", "159.73006802721088", "160.58920634920634", "161.47156462585033", "162.35392290249433", "163.18984126984128", "167.46231292517007", "168.32145124716553", "169.20380952380953", "170.06294784580498", "170.92208616780044", "171.7580045351474", "172.61714285714285", "173.4530612244898", "174.3586394557823", "175.17133786848072", "176.05369614512472", "176.88961451247167", "177.77197278911564", "178.63111111111112", "179.46702947845804", "180.3261678004535", "181.2085260770975", "182.0212244897959", "182.88036281179137", "183.76272108843537", "184.62185941043083", "185.45777777777778", "186.31691609977324", "187.1760544217687", "188.03519274376418", "188.8711111111111", "189.7534693877551", "190.61260770975056", "191.47174603174602", "192.3308843537415", "193.19002267573697", "194.04916099773243", "194.9082993197279", "195.74421768707484", "196.6265759637188", "197.46249433106576", "198.2984126984127", "199.15755102040816", "200.03990929705216", "200.89904761904762", "201.71174603174603", "202.5708843537415", "203.4532426303855", "204.31238095238095", "205.1715192743764", "206.0306575963719", "206.88979591836735", "207.74893424036281", "208.58485260770976", "209.46721088435373", "210.3263492063492", "211.18548752834468", "212.04462585034014", "212.8805442176871", "213.73968253968255", "214.57560090702947", "215.45795918367347", "216.31709750566893", "217.17623582766439", "218.03537414965987", "218.89451247165533", "219.77687074829933", "220.61278911564625", "221.4487074829932", "222.30784580498866", "223.16698412698412", "224.00290249433107", "224.86204081632653", "225.74439909297053", "226.58031746031747", "227.46267573696144", "228.2985941043084", "229.15773242630385", "230.04009070294785", "230.8992290249433", "231.7815873015873", "232.61750566893423", "233.47664399092972", "234.3590022675737", "235.19492063492063", "236.0540589569161", "236.91319727891155", "237.77233560090704", "238.60825396825396", "239.46739229024942", "240.30331065759637", "241.16244897959183", "242.0215873015873", "242.9039455782313", "243.76308390022675", "244.62222222222223", "245.4813605442177", "246.34049886621315", "247.1996371882086", "248.05877551020407", "248.91791383219956", "249.77705215419502", "250.63619047619048", "251.49532879818594", "252.3544671201814", "253.21360544217688", "254.07274376417234", "254.88544217687075", "255.7445804988662", "256.6037188208617", "257.46285714285716", "258.3219954648526", "259.1811337868481", "260.06349206349205", "260.92263038548754", "261.8049886621315", "262.664126984127"], "L_rhythm": ["20.17814058956916", "20.503219954648525", "23.939773242630384", "41.912018140589566", "57.14430839002267", "63.55301587301587", "66.75736961451247", "67.63972789115647", "70.84408163265306", "73.83945578231292", "77.27600907029479", "79.01750566893423", "85.61197278911564", "92.46185941043083", "101.72662131519274", "105.09351473922902", "106.18485260770976", "107.04399092970522", "113.03473922902495", "119.28090702947846", "120.53478458049887", "120.7437641723356", "134.443537414966", "135.95283446712017", "136.81197278911566", "137.0209523809524", "137.88009070294785", "141.36308390022677", "151.6263038548753", "174.75337868480725", "181.62648526077098", "194.23492063492063", "195.34947845804987", "196.18539682539682", "209.67619047619047", "209.8851700680272", "215.89913832199545", "219.33569160997732", "222.5168253968254", "223.3991836734694", "225.1174603174603", "226.162358276644", "226.37133786848074", "227.02149659863946", "239.67637188208616", "240.53551020408165", "256.3250793650794", "259.6455328798186", "263.50004535147394"], "section": [[79.095, 105.582], [106.525, 136.246], [168.382, 194.397], [195.626, 225.579], [226.637, 256.755]]}