{"songID": "7001125", "emotion": 4, "chorus": [[46.195, 74.757], [103.288, 131.86999999999998], [157.161, 186.15699999999998]], "intro": [0, 16.335], "re_intro": [[74.757, 87.574], [131.86999999999998, 157.161]], "outro": [186.15699999999998, 204.0970068027211], "H_rhythm": ["3.9706122448979593", "4.690430839002268", "5.50312925170068", "6.478367346938776", "7.430385487528345", "8.335963718820862", "9.218321995464853", "10.054240362811791", "10.913378684807256", "11.702857142857143", "12.469115646258503", "13.328253968253968", "14.164172335600908", "15.232290249433106", "16.16108843537415", "17.04344671201814", "17.902585034013605", "18.76172335600907", "19.620861678004534", "20.48", "21.36235827664399", "22.244716553287983", "23.127074829931974", "24.009433106575965", "24.86857142857143", "25.727709750566895", "26.610068027210886", "27.46920634920635", "28.35156462585034", "29.18748299319728", "30.093061224489794", "30.975419501133786", "31.834557823129252", "32.69369614512472", "33.55283446712018", "34.43519274376417", "35.294331065759636", "36.17668934240363", "37.05904761904762", "37.918185941043085", "38.800544217687076", "39.63646258503401", "40.518820861678", "41.37795918367347", "42.26031746031746", "43.0962358276644", "43.95537414965986", "45.69687074829932", "46.57922902494331", "47.4615873015873", "48.34394557823129", "49.22630385487528", "50.08544217687075", "50.944580498866216", "51.82693877551021", "52.68607709750567", "53.56843537414966", "54.45079365079365", "55.309931972789116", "56.16907029478458", "57.05142857142857", "57.88734693877551", "58.746485260770974", "59.60562358276644", "60.51120181405896", "61.39356009070295", "62.27591836734694", "63.111836734693874", "63.97097505668934", "64.83011337868481", "65.7124716553288", "66.59482993197278", "67.45396825396826", "68.33632653061224", "69.19546485260771", "70.0778231292517", "70.93696145124717", "71.81931972789116", "72.65523809523809", "73.60725623582766", "74.58249433106576", "75.55773242630386", "76.41687074829932", "77.27600907029479", "78.13514739229025", "79.01750566893423", "79.64444444444445", "80.52680272108843", "81.40916099773243", "82.29151927437641", "82.9881179138322", "83.77759637188208", "84.75283446712018", "85.72807256235828", "86.61043083900226", "87.46956916099774", "88.35192743764172", "89.2110657596372", "90.07020408163265", "90.92934240362811", "91.83492063492064", "92.6940589569161", "93.55319727891157", "94.43555555555555", "95.29469387755103", "96.17705215419501", "97.03619047619047", "97.91854875283447", "98.77768707482993", "99.66004535147393", "100.49596371882086", "101.40154195011338", "102.26068027210884", "103.1198185941043", "104.0021768707483", "104.88453514739228", "105.74367346938776", "106.60281179138322", "107.48517006802722", "108.34430839002268", "109.22666666666667", "110.08580498866213", "110.96816326530612", "111.82730158730159", "112.68643990929705", "113.54557823129252", "114.42793650793651", "115.28707482993197", "116.09977324263039", "117.02857142857142", "117.91092970521542", "118.79328798185941", "119.65242630385488", "120.53478458049887", "121.39392290249432", "122.2530612244898", "123.13541950113378", "123.99455782312926", "124.87691609977324", "125.73605442176871", "126.6184126984127", "127.47755102040816", "128.33668934240362", "129.21904761904761", "130.07818594104307", "130.96054421768707", "131.81968253968253", "132.65560090702948", "133.53795918367348", "134.443537414966", "135.27945578231294", "136.18503401360545", "137.0441723356009", "137.90331065759636", "138.78566893424036", "139.66802721088436", "140.48072562358277", "141.38630385487528", "142.22222222222223", "143.12780045351474", "144.01015873015874", "144.8692970521542", "145.72843537414965", "146.61079365079365", "147.4699319727891", "148.3522902494331", "149.2346485260771", "150.09378684807257", "150.95292517006803", "151.8120634920635", "152.69442176870749", "153.55356009070294", "154.43591836734694", "155.31827664399094", "156.1774149659864", "157.0597732426304", "157.91891156462586", "158.80126984126983", "159.66040816326532", "160.5427664399093", "161.40190476190477", "162.2378231292517", "163.1201814058957", "164.0025396825397", "164.86167800453515", "165.74403628117915", "166.62639455782312", "167.4855328798186", "168.36789115646258", "169.22702947845804", "170.08616780045352", "170.94530612244898", "171.8508843537415", "172.71002267573695", "173.56916099773244", "174.4515192743764", "175.31065759637187", "176.16979591836736", "177.05215419501133", "177.93451247165532", "178.79365079365078", "179.67600907029478", "180.53514739229024", "181.3942857142857", "182.2534240362812", "183.13578231292516", "184.01814058956916", "184.87727891156462", "185.7364172335601", "186.59555555555556", "187.50113378684807", "188.36027210884353", "189.219410430839", "190.101768707483", "190.96090702947845", "191.84326530612245", "193.60798185941044", "194.4903401360544", "195.4655782312925"], "L_rhythm": ["3.1346938775510202", "4.2260317460317465", "5.712108843537415", "8.568163265306122", "9.636281179138322", "11.818956916099774", "12.07437641723356", "12.701315192743763", "12.887074829931972", "14.582131519274377", "15.023310657596372", "17.46140589569161", "18.320544217687075", "20.921179138321996", "24.427392290249433", "29.628662131519274", "31.393378684807256", "33.13487528344671", "34.853151927437644", "38.35936507936508", "47.02040816326531", "48.78512471655329", "50.52662131519274", "51.38575963718821", "52.2681179138322", "54.00961451247166", "60.20934240362812", "60.929160997732424", "62.69387755102041", "63.55301587301587", "64.41215419501134", "66.1536507936508", "66.339410430839", "67.26820861678004", "76.2311111111111", "82.08253968253969", "82.70947845804989", "83.33641723356008", "85.1243537414966", "85.42621315192744", "86.1924716553288", "88.7698866213152", "91.6259410430839", "92.25287981859411", "94.01759637188209", "95.73587301587301", "98.56870748299319", "99.21886621315193", "101.81950113378684", "106.18485260770976", "109.01768707482994", "109.66784580498866", "113.12761904761905", "115.72825396825397", "116.61061224489796", "117.49297052154195", "120.09360544217687", "122.92643990929706", "123.57659863945578", "124.43573696145124", "127.0595918367347", "130.70512471655329", "131.6107029478458", "132.237641723356", "133.12", "134.86149659863946", "135.74385487528346", "139.22684807256235", "139.38938775510204", "139.94666666666666", "141.10766439909298", "142.05968253968254", "142.70984126984126", "143.4528798185941", "144.26557823129252", "144.6138775510204", "145.47301587301587", "146.37859410430838", "146.8429931972789", "147.23773242630386", "147.93433106575964", "148.7934693877551", "149.65260770975055", "149.88480725623583", "150.6742857142857", "152.4622222222222", "153.13560090702947", "154.01795918367347", "154.64489795918368", "155.08607709750567", "155.52725623582765", "155.94521541950112", "156.6185941043084", "156.82757369614512", "157.70993197278912", "159.2192290249433", "163.58458049886622", "164.44371882086168", "166.20843537414967", "167.06757369614513", "174.01034013605442", "177.49333333333334", "180.97632653061225", "184.43609977324263", "186.15437641723355", "186.9902947845805", "187.29215419501134", "187.91909297052155", "193.86340136054423", "194.21170068027212", "194.8154195011338", "195.14049886621316", "195.7209977324263", "196.4175963718821"], "section": [[46.195, 74.757], [103.288, 131.86999999999998], [157.161, 186.15699999999998]]}