{"songID": "7036097", "emotion": 2, "chorus": [[26.099, 27.67], [72.455, 73.853], [128.424, 129.779]], "intro": [0, 9.565], "re_intro": [[101.305, 121.864]], "outro": [168.672, 177.3609977324263], "H_rhythm": ["2.716734693877551", "3.320453514739229", "3.947392290249433", "4.551111111111111", "5.131609977324263", "5.7817687074829935", "7.592925170068027", "8.219863945578231", "8.777142857142858", "9.798820861678005", "10.332879818594105", "10.843718820861678", "11.354557823129252", "11.888616780045352", "12.49233560090703", "13.096054421768708", "13.699773242630386", "14.303492063492063", "14.907210884353741", "15.534149659863946", "16.137868480725622", "16.741587301587302", "17.345306122448978", "17.949024943310658", "18.552743764172334", "19.156462585034014", "19.783401360544218", "20.410340136054423", "21.0140589569161", "21.640997732426303", "22.244716553287983", "22.84843537414966", "23.45215419501134", "24.055873015873015", "24.659591836734695", "25.26331065759637", "25.890249433106575", "26.493968253968255", "26.9815873015873", "27.492426303854874", "28.003265306122447", "28.63020408163265", "29.23392290249433", "29.814421768707483", "30.30204081632653", "30.83609977324263", "31.37015873015873", "31.997097505668933", "32.60081632653061", "36.24634920634921", "36.85006802721088", "37.45378684807256", "38.080725623582765", "38.684444444444445", "39.288163265306125", "39.91510204081633", "42.32997732426304", "42.93369614512471", "43.56063492063492", "44.1643537414966", "44.76807256235828", "45.99873015873016", "46.57922902494331", "47.206167800453514", "47.809886621315194", "48.4368253968254", "49.017324263038546", "49.64426303854875", "50.24798185941043", "50.874920634920635", "54.98485260770975", "55.54213151927438", "56.099410430839", "56.65668934240363", "57.167528344671204", "57.67836734693878", "58.18920634920635", "58.792925170068024", "60.00036281179138", "60.60408163265306", "61.207800453514736", "61.83473922902494", "62.43845804988662", "63.0421768707483", "63.64589569160998", "64.27283446712018", "64.87655328798186", "65.48027210884354", "66.10721088435375", "66.71092970521542", "67.3146485260771", "67.91836734693878", "69.75274376417234", "70.35646258503401", "70.9601814058957", "71.51746031746032", "74.30385487528345", "74.90757369614512", "75.51129251700681", "76.11501133786848", "76.579410430839", "77.1134693877551", "77.6475283446712", "78.27446712018141", "78.87818594104309", "80.10884353741497", "80.71256235827664", "81.31628117913833", "82.5469387755102", "83.15065759637189", "83.75437641723356", "84.98503401360544", "85.58875283446712", "86.1924716553288", "88.63056689342403", "89.23428571428572", "89.86122448979592", "90.4649433106576", "91.06866213151928", "92.90303854875283", "93.50675736961452", "94.11047619047619", "94.71419501133786", "95.31791383219955", "95.92163265306122", "96.5253514739229", "97.15229024943311", "97.7792290249433", "98.38294784580499", "102.35356009070294", "102.91083900226758", "103.44489795918368", "103.95573696145125", "104.48979591836735", "105.09351473922902", "105.69723356009071", "106.30095238095238", "119.69886621315193", "120.3025850340136", "122.74068027210885", "123.34439909297052", "123.9481179138322", "124.5750566893424", "125.17877551020408", "125.78249433106576", "126.38621315192744", "126.98993197278912", "127.5936507936508", "128.220589569161", "128.82430839002268", "129.42802721088435", "130.05496598639456", "130.68190476190478", "131.4249433106576", "132.1447619047619", "132.77170068027212", "133.3986394557823", "133.97913832199546", "138.87854875283446", "139.48226757369613", "139.9931065759637", "140.50394557823128", "141.01478458049885", "141.61850340136056", "142.22222222222223", "144.683537414966", "145.28725623582767", "145.89097505668934", "146.49469387755101", "147.12163265306123", "147.7253514739229", "148.32907029478457", "149.53650793650795", "150.16344671201813", "150.76716553287983", "151.3708843537415", "151.9978231292517", "152.6015419501134", "153.20526077097506", "153.80897959183673", "154.43591836734694", "155.03963718820862", "155.6433560090703", "160.51954648526078", "161.12326530612245", "161.72698412698412", "162.3307029478458", "162.957641723356"], "L_rhythm": ["5.433469387755102", "12.794195011337868", "15.232290249433106", "16.439727891156462", "17.647165532879818", "19.017142857142858", "19.481541950113378", "23.777233560090703", "24.357732426303855", "24.98467120181406", "26.192108843537415", "28.328344671201815", "28.955283446712016", "29.559002267573696", "32.275736961451244", "38.38258503401361", "43.23555555555556", "44.46621315192744", "46.90430839002268", "55.42603174603175", "57.56226757369615", "60.30222222222222", "65.78213151927437", "67.61650793650794", "70.05460317460317", "70.65832199546485", "71.26204081632653", "75.2326530612245", "75.83637188208617", "77.97260770975056", "78.57632653061225", "89.53614512471655", "93.20489795918367", "94.41233560090703", "98.08108843537416", "120.00072562358277", "130.96054421768707", "131.56426303854875", "131.86612244897958", "133.70049886621314", "145.5891156462585", "148.02721088435374", "150.465306122449", "151.67274376417234", "152.90340136054422", "160.8214058956916", "162.65578231292517", "163.56136054421768"], "section": [[26.099, 27.67], [27.699, 54.897], [72.455, 73.853], [73.913, 101.305], [128.424, 129.779], [134.497, 160.921]]}