{"songID": "7033907", "emotion": 3, "chorus": [[118.084, 157.175], [236.076, 275.109], [292.863, 332.22]], "intro": [0, 8.412], "re_intro": [[37.747, 59.417], [157.175, 205.683]], "outro": [332.22, 353.5209977324263], "H_rhythm": ["7.894784580498866", "8.335963718820862", "8.777142857142858", "9.218321995464853", "9.636281179138322", "10.077460317460318", "10.95981859410431", "11.400997732426303", "11.865396825396825", "12.283356009070294", "16.23074829931973", "16.671927437641724", "17.159546485260773", "17.554285714285715", "17.949024943310658", "18.390204081632653", "19.272562358276645", "19.71374149659864", "20.108480725623583", "20.503219954648525", "20.897959183673468", "21.31591836734694", "22.987755102040815", "23.42893424036281", "23.84689342403628", "24.241632653061224", "24.68281179138322", "36.19990929705215", "36.64108843537415", "37.08226757369614", "37.52344671201814", "37.94140589569161", "40.867120181405895", "41.28507936507936", "41.72625850340136", "42.60861678004535", "43.049795918367344", "43.490975056689344", "49.66748299319728", "50.108662131519274", "50.54984126984127", "54.96163265306122", "55.40281179138322", "55.843990929705214", "60.25578231292517", "60.69696145124716", "61.13814058956916", "61.57931972789115", "61.99727891156463", "62.461678004535145", "62.902857142857144", "63.344036281179136", "63.785215419501135", "64.22639455782313", "66.98956916099773", "67.45396825396826", "67.91836734693878", "68.82394557823129", "69.28834467120181", "69.68308390022676", "70.10104308390022", "70.5190022675737", "70.93696145124717", "74.37351473922902", "74.81469387755102", "75.25587301587302", "75.697052154195", "76.11501133786848", "76.579410430839", "77.020589569161", "77.46176870748299", "77.90294784580499", "78.34412698412699", "78.78530612244899", "79.22648526077097", "79.64444444444445", "80.10884353741497", "80.55002267573695", "80.99120181405895", "82.31473922902494", "82.75591836734694", "83.19709750566894", "83.63827664399093", "84.07945578231292", "84.52063492063492", "84.9385941043084", "88.46802721088436", "88.93242630385488", "89.37360544217687", "90.25596371882087", "90.69714285714285", "91.11510204081632", "91.55628117913832", "93.7621768707483", "94.22657596371882", "94.64453514739229", "95.06249433106576", "95.48045351473922", "95.92163265306122", "97.5934693877551", "98.01142857142857", "98.42938775510204", "98.82412698412699", "99.21886621315193", "99.68326530612245", "102.46965986394558", "102.95727891156463", "103.42167800453515", "110.55020408163266", "110.99138321995464", "111.43256235827664", "111.87374149659864", "112.31492063492064", "116.44807256235828", "116.93569160997733", "117.4465306122449", "117.980589569161", "118.421768707483", "119.35056689342403", "119.81496598639455", "120.25614512471655", "120.69732426303855", "121.13850340136054", "121.57968253968254", "122.02086167800454", "122.90321995464852", "123.34439909297052", "123.78557823129252", "124.22675736961452", "124.6679365079365", "125.1091156462585", "125.57351473922903", "126.06113378684807", "127.03637188208617", "127.52399092970522", "127.9651700680272", "128.4063492063492", "130.6122448979592", "131.05342403628117", "131.5178231292517", "131.9590022675737", "132.4001814058957", "132.84136054421768", "133.25931972789115", "133.70049886621314", "134.14167800453515", "134.58285714285714", "135.02403628117915", "135.46521541950113", "137.69433106575963", "138.13551020408164", "138.55346938775511", "138.9946485260771", "139.43582766439908", "141.20054421768708", "141.64172335600907", "142.08290249433108", "142.52408163265306", "142.96526077097505", "145.61233560090702", "146.05351473922903", "146.49469387755101", "146.93587301587303", "147.35383219954647", "149.55972789115646", "150.00090702947847", "150.41886621315192", "152.04426303854876", "152.4622222222222", "152.90340136054422", "153.78575963718822", "154.2269387755102", "154.6681179138322", "155.96843537414966", "156.4328344671202", "156.87401360544217", "160.4498866213152", "160.9142857142857", "161.33224489795919", "161.75020408163266", "162.16816326530613", "162.98086167800454", "163.39882086167802", "163.81678004535146", "168.18213151927438", "168.62331065759636", "169.0877097505669", "170.48090702947846", "170.92208616780044", "174.01034013605442", "174.47473922902495", "174.98557823129252", "175.403537414966", "177.16825396825396", "177.60943310657598", "178.02739229024942", "180.53514739229024", "180.97632653061225", "181.3710657596372", "181.76580498866213", "182.2534240362812", "182.67138321995463", "185.17913832199545", "185.59709750566893", "186.03827664399094", "187.36181405895692", "187.8029931972789", "188.19773242630384", "201.2473469387755", "201.6885260770975", "202.1297052154195", "202.5708843537415", "203.0120634920635", "203.476462585034", "203.89442176870747", "204.3356009070295", "204.77678004535147", "205.21795918367346", "205.65913832199547", "206.10031746031746", "206.54149659863947", "206.98267573696145", "207.42385487528344", "207.86503401360545", "208.30621315192744", "208.74739229024942", "209.18857142857144", "209.62975056689342", "210.0709297052154", "210.51210884353742", "210.9532879818594", "211.39446712018142", "211.8356462585034", "212.2768253968254", "212.7180045351474", "213.15918367346939", "213.60036281179137", "214.04154195011338", "214.48272108843537", "214.92390022675738", "215.36507936507937", "215.80625850340135", "216.24743764172337", "216.68861678004535", "217.12979591836734", "217.59419501133786", "218.01215419501133", "218.45333333333335", "218.89451247165533", "219.77687074829933", "220.21804988662132", "220.6592290249433", "221.1004081632653", "221.5415873015873", "221.98276643990928", "222.4239455782313", "222.88834467120182", "223.3295238095238", "223.7707029478458", "224.18866213151927", "224.62984126984128", "225.07102040816326", "225.51219954648525", "225.95337868480726", "226.39455782312925", "226.83573696145126", "227.30013605442176", "227.74131519274377", "228.18249433106575", "228.60045351473923", "229.0416326530612", "229.48281179138323", "229.94721088435375", "230.3651700680272", "230.8063492063492", "231.2475283446712", "231.6887074829932", "232.1298866213152", "232.57106575963718", "233.0122448979592", "233.47664399092972", "233.9178231292517", "234.3590022675737", "234.8001814058957", "235.68253968253967", "236.12371882086168", "236.5881179138322", "238.5385941043084", "238.9797732426304", "239.42095238095237", "242.06802721088437", "242.50920634920635", "242.95038548752834", "243.39156462585035", "243.83274376417233", "244.2507029478458", "248.2445351473923", "248.68571428571428", "249.12689342403627", "249.56807256235828", "250.45043083900228", "250.89160997732426", "251.33278911564625", "255.7445804988662", "256.1857596371882", "256.6269387755102", "257.0681179138322", "257.5092970521542", "257.9504761904762", "258.3916553287982", "259.2740136054422", "259.7151927437642", "260.15637188208615", "260.59755102040816", "262.36226757369616", "262.8034467120181", "263.2446258503401", "263.68580498866214", "264.12698412698415", "264.5681632653061", "265.0093424036281", "265.45052154195014", "266.3328798185941", "266.7740589569161", "267.2152380952381", "267.6564172335601", "269.86231292517004", "270.30349206349206", "270.74467120181407", "271.62702947845804", "272.06820861678005", "272.462947845805", "274.5295238095238", "274.9474829931973", "275.38866213151925", "275.82984126984127", "276.24780045351474", "284.1193650793651", "284.5605442176871", "285.00172335600905", "285.396462585034", "287.04507936507935", "287.4630385487528", "287.90421768707483", "288.36861678004533", "289.6921541950113", "290.15655328798186", "290.5977324263039", "291.03891156462583", "291.4568707482993", "296.3098412698413", "296.75102040816324", "297.2154195011338", "297.6565986394558", "298.0745578231292", "298.51573696145124", "298.9801360544218", "299.42131519274375", "299.86249433106576", "303.3919274376417", "303.8331065759637", 