{"songID": "7031859", "emotion": 0, "chorus": [[167.874, 169.218], [172.168, 173.388], [176.516, 177.677]], "intro": [0, 18.307], "re_intro": [[89.10000000000001, 112.587]], "outro": [230.594, 244.92099773242631], "H_rhythm": ["0.06965986394557823", "0.6733786848072563", "1.2770975056689342", "1.8343764172335602", "2.36843537414966", "2.9024943310657596", "3.436553287981859", "4.504671201814059", "5.038730158730159", "5.572789115646258", "6.106848072562358", "6.640907029478458", "7.7090249433106575", "8.243083900226758", "8.777142857142858", "9.334421768707482", "9.868480725623582", "10.402539682539683", "10.936598639455783", "11.470657596371883", "12.004716553287983", "12.538775510204081", "13.072834467120181", "13.606893424036281", "14.140952380952381", "14.675011337868481", "15.209070294784581", "15.74312925170068", "16.27718820861678", "16.81124716553288", "17.345306122448978", "17.902585034013605", "18.436643990929706", "18.970702947845805", "19.504761904761907", "20.01560090702948", "20.572879818594103", "21.106938775510205", "21.640997732426303", "22.175056689342405", "22.68589569160998", "23.2431746031746", "23.777233560090703", "24.3112925170068", "24.86857142857143", "25.402630385487527", "25.93668934240363", "26.470748299319727", "27.00480725623583", "27.538866213151927", "28.07292517006803", "28.583764172335602", "29.141043083900225", "29.675102040816327", "30.1859410430839", "30.743219954648527", "31.277278911564625", "31.811337868480727", "32.345396825396826", "32.879455782312924", "33.41351473922902", "33.97079365079365", "34.50485260770975", "35.03891156462585", "35.57297052154195", "36.10702947845805", "36.64108843537415", "37.17514739229025", "37.70920634920635", "38.243265306122446", "38.77732426303855", "39.334603174603174", "39.86866213151927", "40.379501133786846", "40.91356009070295", "41.470839002267574", "42.00489795918367", "42.53895691609977", "43.073015873015876", "43.607074829931975", "44.14113378684807", "44.67519274376417", "45.20925170068027", "45.743310657596375", "46.27736961451247", "46.81142857142857", "47.34548752834467", "47.9027664399093", "48.39038548752834", "48.970884353741496", "49.504943310657595", "50.03900226757369", "50.5730612244898", "51.1071201814059", "51.66439909297052", "52.19845804988662", "52.70929705215419", "53.2433560090703", "53.777414965986395", "54.31147392290249", "54.84553287981859", "55.3795918367347", "55.93687074829932", "56.47092970521542", "57.00498866213152", "57.53904761904762", "58.07310657596372", "58.60716553287982", "59.14122448979592", "59.675283446712015", "60.20934240362812", "60.74340136054422", "61.27746031746032", "61.83473922902494", "62.368798185941046", "62.902857142857144", "63.43691609977324", "63.97097505668934", "64.50503401360544", "65.03909297052154", "65.57315192743764", "66.10721088435375", "66.64126984126985", "67.17532879818594", "67.70938775510204", "68.26666666666667", "68.80072562358276", "69.33478458049886", "69.86884353741496", "70.93696145124717", "71.47102040816327", "72.00507936507937", "72.53913832199547", "73.07319727891156", "73.60725623582766", "74.11809523809524", "74.65215419501133", "75.18621315192743", "75.74349206349207", "76.27755102040817", "76.81160997732427", "77.34566893424036", "77.90294784580499", "78.43700680272109", "78.97106575963718", "79.50512471655328", "80.03918367346938", "80.5732426303855", "81.10730158730159", "81.64136054421769", "82.17541950113379", "82.70947845804989", "83.24353741496599", "83.77759637188208", "84.31165532879818", "84.86893424036282", "85.40299319727892", "85.93705215419502", "86.47111111111111", "87.00517006802721", "87.53922902494331", "88.07328798185941", "88.6073469387755", "89.1414058956916", "90.20952380952382", "90.74358276643991", "91.27764172335601", "91.81170068027211", "92.34575963718821", "93.43709750566893", "93.97115646258503", "94.50521541950113", "95.57333333333334", "96.10739229024944", "96.64145124716553", "97.70956916099773", "98.24362811791383", "98.77768707482993", "99.33496598639456", "99.86902494331066", "100.40308390022676", "100.93714285714286", "112.17560090702948", "112.70965986394557", "113.24371882086167", "113.77777777777777", "114.31183673469388", "114.84589569160998", "115.37995464852608", "115.91401360544218", "116.4712925170068", "117.0053514739229", "117.539410430839", "118.0734693877551", "118.6075283446712", "119.14158730158731", "119.6756462585034", "120.2097052154195", "120.7437641723356", "121.30104308390023", "121.8118820861678", "122.3459410430839", "122.88", "123.43727891156463", "123.97133786848073", "124.50539682539683", "125.03945578231293", "125.57351473922903", "126.10757369614512", "126.64163265306122", "127.17569160997732", "127.70975056689342", "128.24380952380952", "128.77786848072563", "129.33514739229025", "129.86920634920634", "130.40326530612245", "130.93732426303856", "131.47138321995465", "132.00544217687076", "132.53950113378684", "133.07356009070295", "133.60761904761904", "134.14167800453515", "134.67573696145124", "135.20979591836735", "135.74385487528346", "136.27791383219954", "136.81197278911566", "137.36925170068028", "137.90331065759636", "138.43736961451248", "138.97142857142856", "139.50548752834467", "140.03954648526076", "140.57360544217687", "141.10766439909298", "141.61850340136056", "142.17578231292518", "142.70984126984126", "143.24390022675738", "143.77795918367346", "144.31201814058957", "144.8692970521542", "145.4033560090703", "145.9374149659864", "146.4714739229025", "147.0055328798186", "147.5395918367347", "148.07365079365078", "148.6077097505669", "149.14176870748298", "149.6758276643991", "150.2098866213152", "150.76716553287983", "151.3012244897959", "152.3461224489796", "152.90340136054422", "153.4374603174603", "153.97151927437642", "154.5055782312925", "155.03963718820862", "155.57369614512473", "156.1077551020408", "156.64181405895692", "157.175873015873", "157.70993197278912", "158.2439909297052", "158.77804988662132", "159.33532879818594", "159.86938775510205", "160.40344671201814", "160.9142857142857", "161.47156462585033", "162.00562358276645", "162.53968253968253", "163.07374149659864", "163.60780045351473", "164.14185941043084", "164.67591836734695", "165.20997732426304", "165.74403628117915", "166.30131519274377", "166.83537414965986", "167.34621315192743", "167.90349206349205", "168.43755102040816", "168.97160997732425", "169.50566893424036", "170.57378684807256", "171.10784580498867", "171.64190476190475", "172.17596371882087", "174.86947845804988", "175.403537414966", "175.93759637188208", "176.4716553287982", "178.07383219954647", "178.60789115646259", "179.1419501133787", "179.67600907029478", "180.2100680272109", "180.76734693877552", "183.43764172335602", "183.9717006802721", "184.50575963718822", "185.0398185941043", "185.57387755102042", "187.73333333333332", "188.26739229024943", "188.80145124716555", "189.33551020408163", "189.86956916099774", "190.40362811791383", "190.9144671201814", "191.4485260770975", "191.9825850340136", "192.53986394557822", "193.07392290249433", "193.63120181405895", "194.14204081632653", "194.67609977324264", "195.21015873015872", "195.76743764172335", "196.30149659863946", "196.83555555555554", "197.36961451247166", "197.90367346938777", "199.50585034013605", "200.03990929705216", "200.57396825396825", "201.10802721088436", "201.64208616780044", "202.17614512471656", "202.71020408163264", "203.80154195011337", "204.3356009070295", "204.86965986394557", "205.93777777777777", "206.47183673469388", "207.00589569160996", "208.0740136054422", "208.60807256235827", "209.1421315192744", "209.67619047619047", "210.21024943310658", "210.7675283446712", "211.3015873015873", "211.8356462585034", "212.36970521541951", "212.9037641723356", "213.4378231292517", "213.9718820861678", "214.5059410430839", "215.04", "215.5740589569161", "216.1081179138322", "216.6421768707483", "217.17623582766439", "217.73351473922904", "218.26757369614512", "218.80163265306123", "219.33569160997732", 