{"songID": "7401487", "emotion": 0, "chorus": [[84.937, 105.228], [194.739, 214.89600000000002], [222.25, 242.41199999999998]], "intro": [0, 31.454], "re_intro": [[111.197, 141.222], [164.511, 168.628]], "outro": [255.87300000000002, 275.4249886621315], "H_rhythm": ["0.2786394557823129", "1.1377777777777778", "1.9736961451247166", "2.8328344671201813", "3.6919727891156464", "4.574331065759637", "5.410249433106576", "6.2693877551020405", "7.128526077097506", "7.987664399092971", "8.846802721088435", "9.682721088435374", "10.565079365079365", "11.42421768707483", "12.26013605442177", "13.142494331065759", "14.001632653061224", "14.86077097505669", "15.719909297052155", "16.555827664399093", "17.41496598639456", "18.274104308390022", "19.13324263038549", "19.99238095238095", "20.851519274376418", "21.71065759637188", "22.569795918367348", "23.42893424036281", "24.288072562358277", "25.14721088435374", "25.98312925170068", "26.842267573696144", "27.70140589569161", "28.560544217687074", "29.41968253968254", "30.278820861678003", "31.13795918367347", "31.997097505668933", "32.833015873015874", "33.715374149659866", "34.57451247165533", "35.43365079365079", "36.26956916099773", "37.1287074829932", "37.98784580498866", "38.846984126984125", "39.70612244897959", "40.56526077097506", "41.424399092970525", "42.283537414965984", "43.14267573696145", "43.97859410430839", "44.83773242630385", "45.72009070294784", "46.556009070294785", "47.41514739229025", "48.27428571428572", "49.13342403628118", "49.99256235827664", "50.85170068027211", "51.710839002267576", "52.569977324263036", "53.40589569160998", "54.265034013605444", "55.12417233560091", "55.98331065759637", "56.842448979591836", "57.7015873015873", "58.56072562358277", "59.41986394557823", "60.279002267573695", "61.13814058956916", "61.99727891156463", "62.83319727891156", "63.69233560090703", "64.55147392290249", "65.41061224489796", "66.26975056689342", "67.1288888888889", "67.98802721088435", "68.84716553287981", "69.70630385487529", "70.56544217687075", "71.42458049886622", "72.26049886621315", "73.14285714285714", "73.97877551020409", "74.83791383219955", "75.697052154195", "76.55619047619048", "77.41532879818594", "78.27446712018141", "79.13360544217687", "79.99274376417233", "80.8518820861678", "81.71102040816326", "82.57015873015872", "83.40607709750567", "84.26521541950113", "85.1243537414966", "85.98349206349206", "86.84263038548752", "87.701768707483", "88.56090702947846", "89.42004535147392", "90.27918367346939", "91.13832199546485", "91.99746031746032", "92.85659863945578", "93.71573696145124", "94.55165532879819", "95.41079365079365", "96.26993197278911", "97.12907029478458", "97.98820861678004", "98.84734693877552", "99.70648526077098", "100.56562358276643", "101.42476190476191", "102.28390022675737", "103.14303854875284", "104.0021768707483", "104.83809523809524", "105.69723356009071", "106.55637188208617", "107.41551020408163", "108.2746485260771", "109.13378684807256", "109.99292517006803", "110.8520634920635", "111.71120181405895", "112.57034013605443", "113.42947845804989", "114.28861678004534", "115.1245351473923", "115.98367346938775", "116.84281179138323", "117.70195011337869", "118.56108843537415", "119.42022675736962", "120.27936507936508", "121.13850340136054", "121.99764172335601", "122.85678004535147", "123.71591836734694", "125.43419501133786", "126.27011337868481", "127.12925170068027", "127.98839002267573", "128.8475283446712", "129.70666666666668", "130.56580498866214", "134.002358276644", "134.86149659863946", "135.69741496598638", "136.55655328798187", "137.41569160997733", "138.2748299319728", "139.9931065759637", "140.8522448979592", "141.71138321995466", "142.54730158730158", "143.40643990929706", "144.26557823129252", "145.14793650793652", "145.98385487528344", "146.8429931972789", "147.7021315192744", "148.56126984126985", "149.4204081632653", "150.27954648526077", "151.13868480725623", "151.9978231292517", "152.83374149659863", "153.6928798185941", "154.55201814058958", "155.41115646258504", "156.2702947845805", "157.12943310657596", "157.98857142857142", "158.8477097505669", "159.70684807256237", "160.56598639455783", "161.42512471655328", "162.28426303854874", "163.1201814058957", "164.0025396825397", "164.8384580498866", "165.6975963718821", "166.55673469387756", "167.41587301587302", "168.27501133786848", "169.13414965986394", "169.99328798185942", "170.85242630385488", "171.6883446712018", "172.5707029478458", "173.40662131519275", "174.2657596371882", "175.12489795918367", "175.98403628117913", "176.84317460317462", "177.70231292517008", "178.56145124716554", "179.420589569161", "180.27972789115645", "181.1388662131519", "181.97478458049886", "182.85714285714286", "183.6930612244898", "184.57541950113378", "185.41133786848073", "186.2704761904762", "187.12961451247165", "187.9887528344671", "188.8478911564626", "189.70702947845805", "190.5661678004535", "191.42530612244897", "192.28444444444443", "193.12036281179138", "193.97950113378684", "194.8386394557823", "195.6977777777778", "196.55691609977325", "197.4160544217687", "198.27519274376417", "199.13433106575962", "199.9934693877551", "200.82938775510203", "201.6885260770975", "202.5708843537415", "203.43002267573695", "204.28916099773244", "205.12507936507936", "205.98421768707482", "206.8433560090703", "207.70249433106576", "208.56163265306122", "209.42077097505668", "210.27990929705214", "211.13904761904763", "211.9981859410431", "212.85732426303855", "213.716462585034", "214.55238095238096", "215.41151927437642", "216.27065759637188", "217.12979591836734", "217.98893424036282", "218.84807256235828", "219.70721088435374", "220.5663492063492", "221.42548752834466", "222.28462585034015", "223.1437641723356", "223.97968253968253", "224.83882086167802", "225.69795918367348", "226.55709750566893", "227.4162358276644", "228.27537414965985", "229.13451247165534", "229.9936507936508", "230.82956916099772", "231.6887074829932", "232.57106575963718", "233.40698412698413", "234.2661224489796", "235.12526077097505", "235.98439909297053", "236.843537414966", "237.70267573696145", "238.5618140589569", "241.13922902494332", "241.97514739229024", "242.83428571428573", "243.6934240362812", "248.01233560090702", "248.87147392290248", "249.73061224489797", "250.58975056689343", "251.42566893424035", "252.28480725623584", "253.1439455782313", "254.00308390022676", "254.8390022675737", "255.72136054421767", "256.55727891156465", "257.4164172335601", "258.27555555555557", "259.134693877551", "259.9938321995465", "260.852970521542", "261.7121088435374", "262.5712471655329", "263.4303854875283", "264.2663038548753", "265.1486621315193", "265.9845804988662", "266.8901587301587"],