{"songID": "7032039", "emotion": 2, "chorus": [[52.506, 80.545], [97.239, 125.24000000000001], [157.433, 185.465], [187.525, 216.53400000000002]], "intro": [0, 22.622], "re_intro": [[125.24000000000001, 142.531]], "outro": [216.53400000000002, 221.59301587301587], "H_rhythm": ["0.603718820861678", "1.0681179138321995", "1.5325170068027212", "2.461315192743764", "2.948934240362812", "3.4133333333333336", "4.342131519274377", "4.829750566893424", "5.294149659863946", "6.222947845804988", "6.710566893424036", "7.174965986394557", "8.103764172335602", "8.568163265306122", "9.05578231292517", "14.187392290249432", "14.698231292517006", "15.162630385487528", "15.603809523809524", "16.068208616780044", "16.555827664399093", "17.020226757369613", "17.484625850340137", "17.949024943310658", "18.413424036281178", "18.901043083900227", "19.365442176870747", "19.82984126984127", "20.29424036281179", "20.758639455782312", "21.223038548752836", "21.71065759637188", "22.175056689342405", "22.639455782312925", "23.103854875283446", "23.591473922902495", "24.055873015873015", "24.52027210884354", "24.98467120181406", "25.44907029478458", "25.913469387755104", "26.40108843537415", "26.865487528344673", "27.329886621315193", "27.794285714285714", "28.258684807256238", "28.723083900226758", "29.210702947845807", "29.675102040816327", "30.139501133786847", "30.603900226757368", "31.068299319727892", "31.555918367346937", "32.02031746031746", "32.48471655328798", "32.949115646258505", "33.41351473922902", "33.90113378684807", "34.365532879818595", "34.82993197278912", "35.294331065759636", "35.75873015873016", "36.22312925170068", "36.710748299319725", "37.17514739229025", "37.63954648526077", "38.10394557823129", "38.59156462585034", "39.05596371882086", "39.52036281179139", "39.9847619047619", "40.44916099773243", "40.91356009070295", "41.40117913832199", "41.86557823129252", "42.32997732426304", "42.79437641723356", "43.25877551020408", "43.723174603174606", "44.210793650793654", "44.67519274376417", "45.139591836734695", "45.60399092970521", "46.068390022675736", "46.53278911564626", "47.02040816326531", "47.484807256235825", "47.94920634920635", "48.41360544217687", "48.901224489795915", "49.36562358276644", "49.83002267573696", "50.29442176870748", "50.758820861678004", "51.22321995464853", "51.710839002267576", "52.17523809523809", "52.63963718820862", "53.10403628117914", "53.59165532879818", "54.05605442176871", "54.52045351473923", "54.98485260770975", "55.44925170068027", "55.913650793650795", "56.401269841269844", "56.86566893424036", "57.330068027210885", "57.79446712018141", "58.258866213151926", "58.72326530612245", "59.2108843537415", "59.675283446712015", "60.13968253968254", "60.60408163265306", "61.09170068027211", "61.55609977324263", "62.02049886621315", "62.48489795918368", "62.94929705215419", "63.41369614512472", "63.901315192743766", "64.36571428571429", "64.83011337868481", "65.29451247165532", "65.75891156462585", "66.22331065759637", "66.71092970521542", "67.17532879818594", "67.63972789115647", "68.10412698412698", "68.59174603174603", "69.05614512471655", "69.52054421768707", "69.9849433106576", "70.44934240362812", "70.91374149659863", "71.40136054421768", "71.8657596371882", "72.33015873015873", "72.79455782312925", "73.25895691609978", "73.7233560090703", "74.21097505668934", "74.67537414965986", "75.13977324263038", "75.60417233560091", "76.06857142857143", "76.55619047619048", "77.020589569161", "77.48498866213151", "77.94938775510204", "78.41378684807256", "78.90140589569161", "79.36580498866213", "79.83020408163266", "80.29460317460317", "80.75900226757369", "81.22340136054422", "81.71102040816326", "82.17541950113379", "82.63981859410431", "83.10421768707484", "83.56861678004535", "84.0562358276644", "84.52063492063492", "84.98503401360544", "85.44943310657597", "85.91383219954649", "86.40145124716554", "86.86585034013605", "87.33024943310657", "87.7946485260771", "88.25904761904762", "88.72344671201814", "89.2110657596372", "89.6754648526077", "90.13986394557823", "90.60426303854875", "91.06866213151928", "91.5330612244898", "92.02068027210885", "92.48507936507937", "92.94947845804988", "93.4138775510204", "93.90149659863945", "94.36589569160998", "94.8302947845805", "95.29469387755103", "95.75909297052154", "96.22349206349206", "96.71111111111111", "97.17551020408163", "97.63990929705216", "98.10430839002268", "98.56870748299319", "99.05632653061224", "99.52072562358276", "99.98512471655329", "100.44952380952381", "100.91392290249433", "101.40154195011338", "101.8659410430839", "102.33034013605442", "102.79473922902494", "103.25913832199547", "103.72353741496599", "104.21115646258504", "104.67555555555556", "105.13995464852607", "105.6043537414966", "106.06875283446712", "106.55637188208617", "107.02077097505669", "107.48517006802722", "107.94956916099773", "108.41396825396825", "108.9015873015873", "109.36598639455782", "109.83038548752835", "110.29478458049887", "110.7591836734694", "111.2235827664399", "111.71120181405895", "112.17560090702948", "112.64", "113.10439909297052", "113.56879818594105", "114.0564172335601", "114.5208163265306", "114.98521541950113", "115.44961451247165", "115.91401360544218", "116.3784126984127", "116.86603174603175", "117.33043083900226", "117.79482993197279", "118.25922902494331", "118.72362811791383", "119.21124716553288", "119.6756462585034", "120.14004535147393", "120.60444444444444", "121.06884353741496", "121.55646258503401", "122.02086167800454", "122.48526077097506", "122.94965986394558", "123.4140589569161", "123.90167800453514", "124.36607709750567", "124.83047619047619", "125.29487528344671", "125.75927437641724", "126.22367346938775", "126.7112925170068", "127.17569160997732", "127.64009070294784", "128.10448979591837", "128.5688888888889", "129.05650793650793", "129.52090702947845", "129.98530612244897", "130.4497052154195", "131.40172335600906", "131.86612244897958", "132.3305215419501", "132.79492063492063", "133.25931972789115", "133.72371882086168", "134.2113378684807", "134.67573696145124", "135.14013605442176", "135.60453514739228", "136.0689342403628", "137.0209523809524", "137.4853514739229", "137.9497505668934", "138.901768707483", "139.36616780045352", "139.83056689342405", "140.29496598639454", "140.75936507936507", "141.2237641723356", "141.71138321995466", "142.17578231292518", "142.6401814058957", "143.10458049886623", "143.56897959183672", "144.03337868480725", "144.5209977324263", "144.98539682539683", "145.44979591836736", "145.91419501133788", "146.37859410430838", "146.86621315192744", "147.33061224489796", "147.7950113378685", "148.259410430839", "148.72380952380954", "149.21142857142857", "149.6758276643991", "150.14022675736962", "150.60462585034014", "151.06902494331067", "151.5334240362812", "152.02104308390022", "152.48544217687075", "152.94984126984127", "153.4142403628118", "153.87863945578232", "154.36625850340135", "154.83065759637188", "155.2950566893424", "155.75945578231293", "156.22385487528345", "156.71147392290248", "157.175873015873", "157.64027210884353", "158.10467120181406", "158.56907029478458", "159.05668934240362", "159.52108843537414", "159.98548752834466", "160.4498866213152", "160.9142857142857", "161.40190476190477", "161.86630385487527", "162.3307029478458", "162.79510204081632", "163.25950113378684", "163.72390022675737", "164.21151927437643", "164.67591836734695", "165.14031746031745", "165.60471655328797", "166.0691156462585", "166.53351473922902", "167.02113378684808", "167.4855328798186", "167.9499319727891", "168.41433106575963", "168.9019501133787", "169.3663492063492", "169.83074829931974", "170.29514739229026", "170.75954648526078", "171.22394557823128", "171.71156462585034", "172.17596371882087", "172.6403628117914", "173.10476190476192", "173.56916099773244", "174.05678004535147", "174.521179138322", "174.98557823129252", "175.44997732426305", "175.91437641723357", "176.3787755102041", "176.86639455782313", "177.33079365079365",