{"songID": "7006501", "emotion": 1, "chorus": [[134.343, 139.125], [208.169, 212.986], [231.23, 236.117]], "intro": [0, 97.245], "re_intro": [[153.928, 171.273]], "outro": [274.565, 344.4249886621315], "H_rhythm": ["17.949024943310658", "18.506303854875284", "19.086802721088436", "20.24780045351474", "20.805079365079365", "21.36235827664399", "21.942857142857143", "22.453696145124717", "23.010975056689343", "24.14875283446712", "24.729251700680273", "25.309750566893424", "25.86702947845805", "26.424308390022677", "26.93514739229025", "27.445986394557824", "28.003265306122447", "28.53732426303855", "29.141043083900225", "34.43519274376417", "35.03891156462585", "35.64263038548753", "36.24634920634921", "36.87328798185941", "37.50022675736962", "38.12716553287982", "38.800544217687076", "39.404263038548756", "39.9847619047619", "71.47102040816327", "72.05151927437642", "72.63201814058957", "73.21251700680273", "73.8162358276644", "74.39673469387755", "75.00045351473923", "76.16145124716553", "76.74195011337868", "77.32244897959184", "77.90294784580499", "78.5298866213152", "79.13360544217687", "79.73732426303854", "80.3178231292517", "80.89832199546485", "81.45560090702948", "83.77759637188208", "84.35809523809523", "84.9385941043084", "87.7946485260771", "88.37514739229024", "88.9556462585034", "89.53614512471655", "90.09342403628118", "90.67392290249433", "91.25442176870749", "91.83492063492064", "92.41541950113378", "92.99591836734695", "93.5764172335601", "94.15691609977324", "94.71419501133786", "95.29469387755103", "95.87519274376417", "96.45569160997732", "97.03619047619047", "97.61668934240363", "98.19718820861678", "98.77768707482993", "99.35818594104309", "99.93868480725624", "100.51918367346939", "101.09968253968253", "102.23746031746032", "102.81795918367347", "103.39845804988663", "103.97895691609978", "104.5362358276644", "105.13995464852607", "105.69723356009071", "106.30095238095238", "106.83501133786848", "107.3922902494331", "107.99600907029479", "108.57650793650794", "109.15700680272109", "109.73750566893425", "110.3180045351474", "110.89850340136054", "111.45578231292517", "112.05950113378685", "112.61678004535148", "113.22049886621315", "113.80099773242631", "114.38149659863946", "114.93877551020408", "115.4960544217687", "116.05333333333333", "116.63383219954649", "117.21433106575964", "117.79482993197279", "118.37532879818595", "118.9558276643991", "119.53632653061224", "120.69732426303855", "121.25460317460318", "121.83510204081632", "122.41560090702947", "122.99609977324263", "123.55337868480726", "124.15709750566893", "124.71437641723357", "125.29487528344671", "125.87537414965986", "126.45587301587301", "127.03637188208617", "127.61687074829932", "128.17414965986396", "128.7546485260771", "129.33514739229025", "129.91564625850341", "130.47292517006804", "131.0766439909297", "131.65714285714284", "132.237641723356", "132.79492063492063", "133.3754195011338", "135.11691609977325", "135.69741496598638", "136.25469387755103", "136.83519274376417", "137.41569160997733", "137.99619047619046", "138.55346938775511", "139.1571882086168", "139.7144671201814", "140.29496598639454", "140.8754648526077", "141.45596371882087", "142.036462585034", "142.61696145124716", "143.1742403628118", "143.75473922902495", "144.33523809523808", "144.91573696145124", "145.4962358276644", "146.07673469387754", "146.63401360544216", "147.21451247165533", "147.7950113378685", "148.37551020408162", "148.95600907029478", "149.53650793650795", "150.11700680272108", "150.6742857142857", "151.25478458049886", "151.83528344671203", "152.41578231292516", "152.99628117913832", "153.57678004535148", "154.15727891156462", "154.71455782312924", "155.2950566893424", "155.87555555555556", "156.4560544217687", "157.03655328798186", "157.61705215419502", "158.17433106575965", "158.75482993197278", "159.33532879818594", "159.9158276643991", "160.49632653061224", "161.0768253968254", "161.63410430839002", "162.21460317460318", "162.79510204081632", "163.37560090702948", "163.95609977324264", "164.53659863945578", "165.0938775510204", "165.6975963718821", "170.29514739229026", "170.8756462585034", "171.45614512471656", "172.03664399092972", "172.61714285714285", "173.197641723356", "173.75492063492064", "174.3354195011338", "174.91591836734693", "175.47319727891156", "176.05369614512472", "176.63419501133788", "177.23791383219955", "177.8184126984127", "178.3524716553288", "178.95619047619047", "179.53668934240363", "180.11718820861677", "180.67446712018142", "181.25496598639455", "181.8354648526077", "182.41596371882085", "182.9732426303855", "183.55374149659863", "184.1342403628118", "184.71473922902496", "185.2952380952381", "185.87573696145125", "186.4562358276644", "187.01351473922904", "187.59401360544217", "188.17451247165533", "188.75501133786847", "189.33551020408163", "189.9160090702948", "190.47328798185941", "191.0770068027211", "191.65750566893425", "192.23800453514738", "192.795283446712", "193.37578231292517", "193.95628117913833", "194.53678004535146", "195.11727891156463", "195.6977777777778", "196.2550566893424", "196.83555555555554", "197.4160544217687", "197.99655328798187", "198.577052154195", "199.15755102040816", "199.7148299319728", "200.29532879818595", "200.87582766439908", "201.45632653061224", "202.01360544217687", "202.59410430839003", "203.17460317460316", "203.75510204081633", "204.3356009070295", "204.91609977324262", "205.49659863945578", "206.07709750566895", "206.65759637188208", "207.2148752834467", "207.79537414965986", "208.3526530612245", "208.93315192743765", "209.53687074829932", "210.09414965986394", "210.6746485260771", "211.25514739229024", "211.8356462585034", "212.41614512471656", "212.9966439909297", "213.55392290249432", "214.13442176870748", "214.71492063492065", "215.29541950113378", "215.87591836734694", "216.4564172335601", "217.01369614512473", "217.59419501133786", "218.17469387755102", "218.7784126984127", "219.33569160997732", "219.91619047619048", "220.49668934240364", "221.07718820861678", "221.6344671201814", "222.21496598639456", "222.79546485260772", "223.37596371882086", "223.95646258503402", "224.53696145124715", "225.1174603174603", "225.69795918367348", "226.83573696145126", "227.4162358276644", "227.99673469387756", "229.15773242630385", "229.738231292517", "230.29551020408164", "230.87600907029477", "231.45650793650793", "232.0370068027211", "232.61750566893423", "233.17478458049888", "233.77850340136055", "234.33578231292518", "234.9162811791383", "235.49678004535147", "236.07727891156463", "236.63455782312926", "237.23827664399093", "237.7491156462585", "238.3760544217687", "238.95655328798185", "239.5138321995465", "240.09433106575963", "240.6980498866213", "241.25532879818593", "241.8358276643991", "242.41632653061225", "242.9968253968254", "243.57732426303855", "244.1578231292517", "244.71510204081633", "245.29560090702947", "245.87609977324263", "246.4565986394558", "247.03709750566892", "247.6175963718821", "248.1748752834467", "248.75537414965987", "249.335873015873", "249.91637188208617", "251.65786848072563", "252.2383673469388", "252.7956462585034", "253.37614512471654", "253.9566439909297", "254.53714285714287", "255.67492063492062", "256.2554195011338", "256.83591836734695", "257.4164172335601", "257.9969160997732", "258.5774149659864", "259.15791383219954", "259.7151927437642", "260.2956916099773", "260.87619047619046", "261.4334693877551", "262.01396825396824", "262.6176870748299", "263.17496598639457", "263.7554648526077", "264.33596371882084", "264.916462585034", "265.49696145124716", "266.0774603174603", "266.6579591836735", "267.2152380952381", "267.79573696145127", "268.3762358276644", "268.933514739229", "269.5372335600907", "270.0945124716553", "270.698231292517", "271.2787301587302", "275.29578231292516", "275.87628117913835", "276.4567800453515", "277.0372789115646", "278.19827664399094", "278.75555555555553", "279.3360544217687", "279.91655328798186", "280.497052154195", 