{"songID": "7402766", "emotion": 2, "chorus": [[58.041, 87.089], [148.745, 178.499], [199.72, 229.94899999999998], [247.021, 277.21000000000004]], "intro": [0, 23.982], "re_intro": [[98.807, 114.63300000000001], [178.499, 199.72]], "outro": [277.21000000000004, 285.79301587301586], "H_rhythm": ["2.8560544217687074", "3.297233560090703", "3.7616326530612243", "5.201269841269841", "5.6656689342403626", "6.130068027210885", "6.594467120181406", "7.082086167800454", "7.546485260770975", "8.010884353741497", "8.475283446712018", "8.962902494331066", "9.891700680272109", "10.379319727891156", "10.843718820861678", "11.3081179138322", "11.795736961451247", "12.26013605442177", "12.72453514739229", "13.212154195011339", "13.676553287981859", "14.140952380952381", "14.628571428571428", "15.09297052154195", "15.580589569160997", "16.04498866213152", "16.50938775510204", "16.99700680272109", "17.46140589569161", "17.925804988662133", "18.413424036281178", "18.877823129251702", "19.342222222222222", "19.82984126984127", "20.29424036281179", "20.758639455782312", "21.24625850340136", "21.71065759637188", "22.175056689342405", "22.66267573696145", "23.127074829931974", "23.591473922902495", "24.055873015873015", "24.543492063492064", "25.007891156462584", "25.472290249433108", "25.959909297052153", "26.424308390022677", "26.888707482993198", "27.376326530612246", "27.840725623582767", "28.305124716553287", "28.792743764172336", "29.257142857142856", "29.72154195011338", "30.209160997732425", "30.696780045351474", "31.161179138321994", "31.62557823129252", "32.08997732426304", "32.57759637188209", "33.041995464852604", "33.50639455782313", "33.99401360544218", "34.4584126984127", "34.92281179138322", "35.41043083900227", "35.87482993197279", "36.33922902494331", "36.826848072562356", "37.29124716553288", "37.755646258503404", "38.243265306122446", "38.70766439909297", "39.172063492063494", "39.65968253968254", "40.12408163265306", "40.61170068027211", "41.07609977324263", "41.54049886621315", "42.0281179138322", "42.49251700680272", "42.956916099773245", "43.44453514739229", "43.90893424036281", "44.373333333333335", "44.860952380952384", "45.3253514739229", "45.81297052154195", "46.27736961451247", "46.74176870748299", "47.22938775510204", "47.69378684807256", "48.15818594104309", "48.64580498866213", "49.11020408163265", "49.574603174603176", "50.062222222222225", "50.52662131519274", "50.991020408163266", "51.478639455782314", "51.94303854875283", "52.407437641723355", "52.895056689342404", "53.35945578231293", "53.84707482993197", "54.31147392290249", "54.77587301587302", "55.263492063492066", "55.72789115646258", "56.19229024943311", "56.65668934240363", "57.14430839002267", "57.608707482993196", "58.07310657596372", "58.56072562358277", "59.025124716553286", "59.512743764172335", "59.97714285714286", "60.441541950113375", "60.929160997732424", "61.39356009070295", "61.85795918367347", "62.345578231292514", "62.80997732426304", "63.297596371882086", "63.76199546485261", "64.22639455782313", "64.71401360544218", "65.1784126984127", "65.64281179138322", "66.13043083900227", "66.59482993197278", "67.0592290249433", "67.52362811791383", "68.01124716553288", "68.4756462585034", "68.96326530612245", "69.42766439909298", "69.89206349206349", "70.37968253968253", "70.84408163265306", "71.30848072562358", "71.79609977324263", "72.26049886621315", "72.7481179138322", "73.21251700680273", "73.67691609977324", "74.14131519274376", "74.62893424036281", "75.09333333333333", "75.58095238095238", "76.0453514739229", "76.50975056689343", "76.99736961451246", "77.46176870748299", "77.92616780045351", "78.41378684807256", "78.87818594104309", "79.34258503401361", "79.83020408163266", "80.29460317460317", "80.75900226757369", "81.24662131519274", "81.71102040816326", "82.17541950113379", "82.66303854875284", "83.12743764172336", "83.59183673469387", "84.07945578231292", "84.54385487528344", "85.00825396825397", "85.49587301587302", "85.96027210884354", "86.44789115646259", "86.91229024943311", "87.37668934240362", "91.6259410430839", "92.09034013605442", "92.57795918367347", "93.042358276644", "93.50675736961452", "93.99437641723355", "94.45877551020408", "94.94639455782313", "95.41079365079365", "95.87519274376417", "96.36281179138322", "96.82721088435375", "97.29160997732426", "97.7792290249433", "98.24362811791383", "98.70802721088435", "99.17242630385488", "99.66004535147393", "100.14766439909297", "100.6120634920635", "101.07646258503401", "101.56408163265306", "102.02848072562358", "102.4928798185941", "102.98049886621315", "103.44489795918368", "103.9092970521542", "104.39691609977324", "104.86131519274376", "105.32571428571428", "105.81333333333333", "106.27773242630386", "106.7653514739229", "107.22975056689343", "107.69414965986394", "108.15854875283446", "108.64616780045351", "109.11056689342404", "109.57496598639456", "110.06258503401361", "110.52698412698413", "111.01460317460318", "111.47900226757369", "111.94340136054421", "112.40780045351474", "112.89541950113379", "113.38303854875284", "113.84743764172336", "114.31183673469388", "114.7762358276644", "115.24063492063492", "115.72825396825397", "116.19265306122449", "116.65705215419501", "117.12145124716554", "117.60907029478459", "118.0734693877551", "118.56108843537415", "119.02548752834467", "119.4898866213152", "119.97750566893424", "120.44190476190477", "120.90630385487529", "121.39392290249432", "121.85832199546485", "122.32272108843537", "122.81034013605442", "123.27473922902495", "123.73913832199547", "124.22675736961452", "124.69115646258503", "125.15555555555555", "125.6431746031746", "126.10757369614512", "126.59519274376417", "127.0595918367347", "127.52399092970522", "127.98839002267573", "128.4760090702948", "128.96362811791383", "129.42802721088435", "129.89242630385488", "130.3800453514739", "130.84444444444443", "131.30884353741496", "131.77324263038548", "132.26086167800455", "132.72526077097507", "133.2128798185941", "133.67727891156463", "134.14167800453515", "134.6292970521542", "135.0936961451247", "135.55809523809523", "136.0457142857143", "136.51011337868482", "136.99773242630386", "137.46213151927438", "137.9265306122449", "138.41414965986394", "138.87854875283446", "139.34294784580499", "139.8073469387755", "140.29496598639454", "140.75936507936507", "141.24698412698413", "141.71138321995466", "142.17578231292518", "142.6401814058957", "143.12780045351474", "143.59219954648526", "144.0798185941043", "144.54421768707482", "145.00861678004534", "145.4962358276644", "145.96063492063493", "146.42503401360545", "146.88943310657595", "147.377052154195", "147.84145124716554", "148.32907029478457", "148.7934693877551", "149.28108843537416", "149.74548752834468", "150.2098866213152", "150.69750566893424", "151.16190476190476", "151.6263038548753", "152.11392290249432", "152.57832199546485", "153.04272108843537", "153.53034013605443", "153.99473922902493", "154.45913832199545", "154.94675736961452", "155.41115646258504", "156.3631746031746", "156.82757369614512", "157.29197278911565", "157.77959183673468", "158.2439909297052", "158.70839002267573", "159.1960090702948", "159.66040816326532", "160.12480725623584", "160.61242630385487", "161.0768253968254", "161.56444444444443", "162.02884353741496", "162.49324263038548", "162.98086167800454", "163.44526077097507", "163.9096598639456", "164.39727891156463", "164.86167800453515", "165.32607709750567", "165.8136961451247", "166.27809523809523", "166.74249433106576", "167.23011337868482", "167.69451247165532", "168.15891156462584", "168.6465306122449", "169.11092970521543", "169.57532879818595", "170.06294784580498", "170.5273469387755", "171.47936507936507", "171.9437641723356", "172.43138321995465", "172.89578231292518", "173.3601814058957", "173.84780045351474", "174.31219954648526", "174.77659863945578", "175.26421768707482", "175.72861678004534", "176.19301587301587", "176.68063492063493", "183.76272108843537", "184.2271201814059", 