{"songID": "7300338", "emotion": 0, "chorus": [[55.639, 97.745], [143.122, 184.98899999999998], [193.889, 236.502]], "intro": [0, 37.6], "re_intro": [[97.745, 125.406], [184.98899999999998, 190.974]], "outro": [236.502, 256.12897959183675], "H_rhythm": ["1.0448979591836736", "1.509297052154195", "1.9736961451247166", "2.461315192743764", "2.9257142857142857", "3.3668934240362813", "4.760090702947846", "5.224489795918367", "5.688888888888889", "6.15328798185941", "6.617687074829932", "7.058866213151927", "7.500045351473923", "7.964444444444444", "8.428843537414966", "8.870022675736962", "9.334421768707482", "9.798820861678005", "10.263219954648527", "10.727619047619047", "12.120816326530612", "12.585215419501134", "13.02639455782313", "13.931972789115646", "14.396371882086168", "14.86077097505669", "15.32517006802721", "15.789569160997733", "16.253968253968253", "16.718367346938777", "17.205986394557822", "17.647165532879818", "18.11156462585034", "18.575963718820862", "19.017142857142858", "19.481541950113378", "19.969160997732427", "20.433560090702947", "20.897959183673468", "21.36235827664399", "21.826757369614512", "22.291156462585032", "22.732335600907028", "23.196734693877552", "23.637913832199548", "24.102312925170068", "24.56671201814059", "25.031111111111112", "25.495510204081633", "25.959909297052153", "26.424308390022677", "26.888707482993198", "27.329886621315193", "27.794285714285714", "28.258684807256238", "28.723083900226758", "29.18748299319728", "29.6518820861678", "30.093061224489794", "30.53424036281179", "30.998639455782314", "31.48625850340136", "31.950657596371883", "32.391836734693875", "32.833015873015874", "33.29741496598639", "33.78503401360544", "34.27265306122449", "34.71383219954649", "35.178231292517005", "35.619410430839004", "36.08380952380952", "36.548208616780045", "37.03582766439909", "37.50022675736962", "37.94140589569161", "38.42902494331066", "38.89342403628118", "39.3578231292517", "39.82222222222222", "40.263401360544215", "40.72780045351474", "41.19219954648526", "41.65659863945578", "42.09777777777778", "42.5621768707483", "43.003356009070295", "43.46775510204082", "43.95537414965986", "44.419773242630384", "44.88417233560091", "45.3253514739229", "45.789750566893424", "46.25414965986395", "46.718548752834465", "47.18294784580499", "47.64734693877551", "48.11174603174603", "48.55292517006803", "49.017324263038546", "49.48172335600907", "49.946122448979594", "50.41052154195011", "50.874920634920635", "51.33931972789116", "51.803718820861675", "52.2681179138322", "52.75573696145125", "53.19691609977324", "53.661315192743764", "54.12571428571429", "54.56689342403628", "55.031292517006804", "55.472471655328796", "55.93687074829932", "56.401269841269844", "56.86566893424036", "57.330068027210885", "57.77124716553288", "58.2356462585034", "58.700045351473925", "59.16444444444444", "59.628843537414966", "60.09324263038549", "60.55764172335601", "61.02204081632653", "61.486439909297054", "61.92761904761905", "62.39201814058957", "62.85641723356009", "63.32081632653061", "63.785215419501135", "64.22639455782313", "64.71401360544218", "65.1784126984127", "65.64281179138322", "66.10721088435375", "66.57160997732426", "67.01278911564626", "67.47718820861678", "67.9415873015873", "68.42920634920635", "68.89360544217688", "69.35800453514739", "69.82240362811791", "70.28680272108843", "70.75120181405896", "71.19238095238096", "71.65678004535147", "72.12117913832199", "72.58557823129252", "73.04997732426304", "73.49115646258504", "73.93233560090702", "74.39673469387755", "74.86113378684807", "75.30231292517007", "75.78993197278912", "76.25433106575964", "76.71873015873015", "77.15990929705215", "77.62430839002268", "78.06548752834468", "78.55310657596372", "79.01750566893423", "79.48190476190476", "79.94630385487528", "80.4107029478458", "80.87510204081633", "81.33950113378685", "81.80390022675736", "82.26829931972789", "82.73269841269841", "83.17387755102041", "83.63827664399093", "84.12589569160998", "84.5902947845805", "85.05469387755102", "85.49587301587302", "85.96027210884354", "86.42467120181406", "86.88907029478457", "87.33024943310657", "87.7946485260771", "88.25904761904762", "88.72344671201814", "89.16462585034013", "89.62902494331065", "90.09342403628118", "90.5578231292517", "90.9990022675737", "91.48662131519275", "91.95102040816326", "92.39219954648526", "92.85659863945578", "93.3209977324263", "93.78539682539683", "94.24979591836734", "94.71419501133786", "95.17859410430839", "95.64299319727891", "96.10739229024944", "96.54857142857144", "97.01297052154194", "97.47736961451247", "97.94176870748299", "98.40616780045352", "99.79936507936507", "100.2637641723356", "100.7049433106576", "103.4681179138322", "103.93251700680273", "104.39691609977324", "104.86131519274376", "105.32571428571428", "105.81333333333333", "106.25451247165533", "106.71891156462586", "107.18331065759637", "107.64770975056689", "108.08888888888889", "108.55328798185941", "109.01768707482994", "109.45886621315192", "109.92326530612245", "110.36444444444444", "110.8520634920635", "111.31646258503402", "111.78086167800454", "112.24526077097505", "112.70965986394557", "113.1740589569161", "113.63845804988662", "114.07963718820862", "114.54403628117913", "115.00843537414966", "115.47283446712018", "115.91401360544218", "116.3784126984127", "116.84281179138323", "117.28399092970521", "117.72517006802721", "118.18956916099773", "118.65396825396826", "119.11836734693877", "119.58276643990929", "120.02394557823129", "120.46512471655329", "120.92952380952381", "121.39392290249432", "121.85832199546485", "122.32272108843537", "122.7871201814059", "123.25151927437642", "123.71591836734694", "124.18031746031745", "124.64471655328798", "125.1091156462585", "125.5502947845805", "126.01469387755103", "126.50231292517007", "126.94349206349206", "127.40789115646258", "127.8722902494331", "128.33668934240362", "128.80108843537414", "129.26548752834466", "129.7298866213152", "130.1942857142857", "130.6354648526077", "131.09986394557822", "131.56426303854875", "132.02866213151927", "132.4930612244898", "132.95746031746032", "133.42185941043084", "133.86303854875283", "134.32743764172335", "134.79183673469387", "135.2562358276644", "135.69741496598638", "136.1618140589569", "136.62621315192743", "137.09061224489795", "137.55501133786848", "138.019410430839", "138.50702947845804", "138.94820861678005", "139.38938775510204", "139.85378684807256", "140.34140589569162", "140.7825850340136", "141.27020408163264", "141.73460317460317", "142.17578231292518", "142.6634013605442", "143.10458049886623", "143.59219954648526", "144.05659863945579", "144.49777777777777", "144.93895691609978", "145.4033560090703", "145.8677551020408", "146.33215419501133", "146.79655328798185", "147.26095238095238", "147.7021315192744", "148.16653061224488", "148.6309297052154", "149.09532879818593", "149.55972789115646", "150.02412698412698", "150.465306122449", "150.9297052154195", "151.39410430839", "151.85850340136054", "152.32290249433106", "152.78730158730158", "153.27492063492065", "153.71609977324263", "154.18049886621316", "154.64489795918368", "155.1092970521542", "155.57369614512473", "156.06131519274376", "156.50249433106575", "156.96689342403627", "157.40807256235829", "157.8724716553288", "158.33687074829933", "158.80126984126983", "159.24244897959184", "159.70684807256237", "160.1712471655329", "160.6356462585034", "161.1000453514739", "161.56444444444443", "162.00562358276645", "162.47002267573697", "162.9344217687075", "163.39882086167802", "163.8632199546485", "164.32761904761904", "164.76879818594105", "165.23319727891158", "165.67437641723356", "166.1619954648526", "166.62639455782312", "167.09079365079364", "167.55519274376417", "168.0195918367347", "168.48399092970521", "168.94839002267574", "169.38956916099772", "169.8771882086168", "170.3415873015873", "170.7827664399093", "171.24716553287982", "171.71156462585034", "172.17596371882087", "172.6403628117914", 