{"songID": "7006583", "emotion": 4, "chorus": [[59.978, 102.974], [140.834, 182.839], [185.133, 232.34300000000002]], "intro": [0, 23.707], "re_intro": [], "outro": [243.55599999999998, 255.6970068027211], "H_rhythm": ["1.1377777777777778", "1.4164172335600906", "1.7182766439909296", "2.020136054421769", "2.3219954648526078", "2.5541950113378684", "3.0650340136054424", "3.320453514739229", "3.622312925170068", "3.924172335600907", "4.249251700680272", "4.527891156462585", "17.925804988662133", "18.204444444444444", "26.563628117913833", "26.842267573696144", "27.12090702947846", "28.606984126984127", "28.908843537414967", "29.141043083900225", "29.41968253968254", "30.812879818594105", "31.114739229024945", "31.393378684807256", "31.695238095238096", "31.973877551020408", "32.25251700680272", "32.507936507936506", "35.41043083900227", "35.71229024943311", "35.99092970521542", "37.10548752834467", "37.40734693877551", "37.68598639455782", "40.28662131519275", "40.56526077097506", "40.84390022675737", "41.12253968253968", "41.424399092970525", "41.703038548752836", "51.687619047619044", "51.98947845804989", "52.2681179138322", "56.540589569161", "56.842448979591836", "57.12108843537415", "65.99111111111111", "66.26975056689342", "66.54839002267573", "66.82702947845804", "69.12580498866213", "69.42766439909298", "69.70630385487529", "84.56707482993197", "84.84571428571428", "85.1243537414966", "96.22349206349206", "96.50213151927437", "96.75755102040816", "101.44798185941043", "101.72662131519274", "101.98204081632653", "103.37523809523809", "103.65387755102041", "103.93251700680273", "104.21115646258504", "104.51301587301587", "104.76843537414966", "105.0702947845805", "105.34893424036281", "105.65079365079364", "105.92943310657597", "106.50993197278912", "106.81179138321995", "107.09043083900227", "107.64770975056689", "107.94956916099773", "108.22820861678005", "109.36598639455782", "109.64462585034013", "109.92326530612245", "110.78240362811792", "111.06104308390023", "111.36290249433107", "111.64154195011338", "115.63537414965987", "115.9372335600907", "116.21587301587302", "116.77315192743764", "117.07501133786847", "117.3536507936508", "120.2097052154195", "120.51156462585034", "120.79020408163265", "124.78403628117914", "125.08589569160998", "125.36453514739229", "129.35836734693876", "129.66022675736963", "129.93886621315193", "130.49614512471655", "130.79800453514738", "131.0766439909297", "138.50702947845804", "138.8088888888889", "139.0875283446712", "139.94666666666666", "140.22530612244898", "140.50394557823128", "143.0813605442177", "143.38321995464852", "143.66185941043085", "145.35691609977323", "145.6587755102041", "145.9374149659864", "147.6324716553288", "147.93433106575964", "148.21297052154196", "149.93124716553288", "150.23310657596372", "150.51174603174604", "152.20680272108842", "152.5086621315193", "152.78730158730158", "154.5055782312925", "154.80743764172337", "155.08607709750567", "156.78113378684807", "157.0829931972789", "157.36163265306124", "158.2207709750567", "158.52263038548753", "158.80126984126983", "159.07990929705215", "159.35854875283448", "159.63718820861678", "161.3554648526077", "161.65732426303856", "161.93596371882086", "163.63102040816327", "163.9328798185941", "164.21151927437643", "168.2053514739229", "168.50721088435375", "168.78585034013605", "169.06448979591838", "169.34312925170067", "170.504126984127", "170.80598639455783", "171.08462585034013", "180.02430839002267", "180.3261678004535", "180.60480725623583", "181.4639455782313", "181.76580498866213", "182.04444444444445", "182.32308390022675", "182.62494331065759", "182.92680272108842", "183.20544217687075", "183.50730158730158", "183.80916099773242", "184.11102040816326", "184.38965986394558", "184.69151927437642", "184.99337868480725", "185.2952380952381", "185.59709750566893", "187.33859410430838", "187.64045351473922", "187.91909297052155", "189.70702947845805", "190.0088888888889", "190.28752834467122", "192.05224489795918", "192.35410430839002", "192.63274376417235", "194.39746031746031", "194.69931972789115", "194.97795918367348", "196.76589569160998", "197.06775510204082", "197.34639455782312", "199.11111111111111", "199.41297052154195", "199.69160997732428", "201.47954648526078", "201.78140589569162", "202.06004535147392", "206.16997732426304", "206.47183673469388", "206.75047619047618", "208.51519274376417", "208.817052154195", "209.0724716553288", "211.85886621315194", "212.13750566893424", "213.25206349206348", "213.5307029478458", "213.8093424036281", "215.5740589569161", "215.87591836734694", "216.15455782312924", "223.53850340136054", "223.84036281179138", "224.1190022675737", "229.43637188208618", "229.71501133786848", "229.97043083900226", "234.0803628117914", "234.33578231292518", "234.59120181405896", "241.27854875283447", "241.5571882086168"], "L_rhythm": ["104.07183673469387", "181.62648526077098", "184.83083900226757", "211.9981859410431"], "section": [[59.978, 102.974], [140.834, 182.839], [185.133, 232.34300000000002]]}