{"songID": "7350596", "emotion": 2, "chorus": [[66.634, 70.071], [123.444, 126.87], [130.932, 134.398], [170.792, 174.068]], "intro": [0, 27.186], "re_intro": [[100.82, 106.547], [157.48999999999998, 170.792]], "outro": [206.717, 224.06498866213153], "H_rhythm": ["12.933514739229025", "13.421133786848072", "13.885532879818594", "14.349931972789115", "14.837551020408164", "15.301950113378684", "15.766349206349206", "16.253968253968253", "16.718367346938777", "17.205986394557822", "17.670385487528346", "18.134784580498867", "18.599183673469387", "19.086802721088436", "19.551201814058956", "20.01560090702948", "20.503219954648525", "20.96761904761905", "21.43201814058957", "21.91963718820862", "22.38403628117914", "22.871655328798187", "23.336054421768708", "23.800453514739228", "24.288072562358277", "24.752471655328797", "25.21687074829932", "25.704489795918366", "26.16888888888889", "26.63328798185941", "27.12090702947846", "27.58530612244898", "28.0497052154195", "28.53732426303855", "29.00172335600907", "29.466122448979593", "29.95374149659864", "30.418140589569163", "30.882539682539683", "31.37015873015873", "31.834557823129252", "32.298956916099776", "32.78657596371882", "33.25097505668934", "33.73859410430839", "34.202993197278914", "34.66739229024943", "35.15501133786848", "35.619410430839004", "36.10702947845805", "36.57142857142857", "37.03582766439909", "37.50022675736962", "37.98784580498866", "38.45224489795918", "38.93986394557823", "39.404263038548756", "39.86866213151927", "40.333061224489796", "40.820680272108845", "41.28507936507936", "41.749478458049886", "42.237097505668935", "42.70149659863946", "43.1891156462585", "43.653514739229024", "44.11791383219955", "44.6055328798186", "45.069931972789114", "45.55755102040816", "46.021950113378686", "46.4863492063492", "46.97396825396825", "47.438367346938776", "47.9027664399093", "48.36716553287982", "48.854784580498865", "49.295963718820865", "49.80680272108844", "50.271201814058955", "50.758820861678004", "51.22321995464853", "51.687619047619044", "52.15201814058957", "52.63963718820862", "53.10403628117914", "53.59165532879818", "54.05605442176871", "54.52045351473923", "54.98485260770975", "55.472471655328796", "55.93687074829932", "56.42448979591837", "56.888888888888886", "57.35328798185941", "57.84090702947846", "58.30530612244898", "58.792925170068024", "59.25732426303855", "59.72172335600907", "60.18612244897959", "60.67374149659864", "61.13814058956916", "61.62575963718821", "62.09015873015873", "62.55455782312925", "63.018956916099775", "63.506575963718824", "63.97097505668934", "64.45859410430839", "64.92299319727891", "65.38739229024944", "65.85179138321996", "66.339410430839", "66.80380952380952", "67.29142857142857", "67.75582766439909", "68.24344671201814", "68.70784580498866", "69.17224489795919", "69.65986394557824", "70.12426303854875", "70.58866213151927", "71.07628117913832", "71.54068027210884", "72.00507936507937", "72.49269841269842", "72.95709750566894", "73.44471655328798", "73.9091156462585", "74.37351473922902", "74.86113378684807", "75.3255328798186", "75.78993197278912", "76.27755102040817", "76.74195011337868", "77.2063492063492", "77.69396825396825", "78.15836734693877", "78.64598639455782", "79.11038548752835", "79.57478458049887", "80.06240362811792", "80.52680272108843", "80.99120181405895", "81.478820861678", "81.96643990929705", "82.43083900226758", "82.8952380952381", "83.35963718820862", "83.82403628117913", "84.31165532879818", "84.7760544217687", "85.24045351473923", "85.72807256235828", "86.1924716553288", "86.68009070294785", "87.14448979591836", "87.60888888888888", "88.09650793650793", "88.56090702947846", "89.02530612244898", "89.51292517006803", "89.97732426303855", "90.44172335600906", "90.92934240362811", "91.39374149659864", "91.88136054421769", "92.34575963718821", "92.81015873015873", "93.27455782312926", "93.7621768707483", "94.22657596371882", "94.69097505668934", "95.17859410430839", "95.64299319727891", "96.13061224489796", "96.59501133786848", "97.08263038548753", "97.54702947845804", "98.01142857142857", "98.47582766439909", "98.96344671201814", "99.89224489795919", "100.37986394557824", "100.84426303854875", "101.3318820861678", "101.79628117913832", "102.26068027210884", "102.74829931972789", "103.21269841269842", "103.67709750566894", "104.16471655328799", "104.6291156462585", "105.09351473922902", "105.58113378684807", "106.0455328798186", "106.50993197278912", "106.99755102040817", "107.46195011337869", "107.9263492063492", "108.39074829931972", "108.87836734693877", "109.3427664399093", "109.83038548752835", "110.29478458049887", "110.7591836734694", "111.24680272108843", "111.71120181405895", "112.17560090702948", "112.66321995464853", "113.12761904761905", "113.59201814058957", "114.07963718820862", "114.54403628117913", "115.03165532879818", "115.4960544217687", "115.96045351473923", "116.44807256235828", "116.9124716553288", "117.37687074829932", "117.86448979591837", "118.32888888888888", "118.81650793650793", "119.28090702947846", "119.74530612244898", "120.2097052154195", "120.69732426303855", "121.16172335600908", "121.64934240362811", "122.13696145124716", "122.60136054421768", "123.06575963718821", "123.53015873015873", "123.99455782312926", "124.45895691609978", "124.94657596371881", "125.43419501133786", "125.89859410430839", "126.36299319727891", "126.82739229024943", "127.31501133786848", "127.77941043083901", "128.26702947845806", "128.73142857142858", "129.1958276643991", "129.68344671201814", "130.14784580498866", "130.6122448979592", "131.09986394557822", "131.56426303854875", "132.02866213151927", "132.51628117913833", "132.98068027210886", "133.4682993197279", "133.93269841269841", "134.39709750566894", "134.88471655328797", "135.3491156462585", "135.81351473922902", "136.30113378684808", "136.7655328798186", "137.2299319727891", "137.71755102040817", "138.1819501133787", "138.66956916099772", "139.13396825396825", "139.59836734693877", "140.08598639455784", "140.55038548752833", "141.01478458049885", "141.50240362811792", "141.96680272108844", "142.45442176870748", "142.918820861678", "143.38321995464852", "143.84761904761905", "144.33523809523808", "144.7996371882086", "145.26403628117913", "145.7516553287982", "146.21605442176872", "146.70367346938775", "147.16807256235828", "147.6556916099773", "148.12009070294783", "148.58448979591836", "149.04888888888888", "149.53650793650795", "150.00090702947847", "150.465306122449", "150.95292517006803", "151.41732426303855", "151.9049433106576", "152.3693424036281", "152.83374149659863", "153.29814058956916", "153.78575963718822", "154.25015873015872", "154.71455782312924", "155.2021768707483", "155.68979591836734", "156.15419501133786", "156.6185941043084", "157.10621315192745", "157.57061224489797", "158.03501133786847", "158.499410430839", "158.98702947845806", "159.45142857142858", "159.9158276643991", "160.40344671201814", "160.86784580498866", "161.3554648526077", "161.81986394557822", "162.28426303854874", "162.7718820861678", "163.23628117913833", "163.72390022675737", "164.1882993197279", "164.6526984126984", "165.11709750566894", "165.60471655328797", "166.0691156462585", "166.53351473922902", "167.02113378684808", "167.4855328798186", "167.97315192743764", "168.43755102040816", "168.9019501133787", "169.38956916099772", "169.85396825396825", "170.31836734693877", "170.80598639455783", "171.73478458049885", "172.22240362811792", "172.68680272108844", "173.15120181405896", "173.638820861678", "174.10321995464852", "174.5908390022676", "175.05523809523808", "175.5196371882086", "175.98403628117913", "176.4716553287982", "176.93605442176872", "177.40045351473924", "177.88807256235827", "178.3524716553288", "178.84009070294783", "179.30448979591836", "179.76888888888888", "180.25650793650794", "180.72090702947847", "181.185306122449", "181.67292517006803", "182.13732426303855", "182.62494331065759", "183.0893424036281", "183.55374149659863", 