{"songID": "7019461", "emotion": 1, "chorus": [[121.528, 145.574], [170.235, 194.494]], "intro": [0, 8.621], "re_intro": [[100.814, 121.528]], "outro": [194.494, 204.67301587301588], "H_rhythm": ["6.849886621315193", "7.314285714285714", "7.778684807256236", "8.243083900226758", "8.730702947845804", "9.1718820861678", "9.682721088435374", "10.147120181405896", "10.611519274376418", "11.075918367346938", "11.563537414965987", "12.004716553287983", "12.49233560090703", "12.956734693877552", "13.444353741496599", "13.908752834467121", "14.373151927437641", "14.837551020408164", "15.32517006802721", "15.789569160997733", "16.253968253968253", "16.718367346938777", "17.205986394557822", "17.670385487528346", "18.134784580498867", "18.599183673469387", "19.086802721088436", "19.52798185941043", "20.01560090702948", "20.48", "20.94439909297052", "21.408798185941045", "21.89641723356009", "22.360816326530614", "22.825215419501134", "23.289614512471655", "23.754013605442175", "24.2184126984127", "24.706031746031748", "25.170430839002268", "25.63482993197279", "26.09922902494331", "26.563628117913833", "27.028027210884353", "27.515646258503402", "27.980045351473922", "28.46766439909297", "28.93206349206349", "29.396462585034012", "29.860861678004536", "30.34848072562358", "30.812879818594105", "31.30049886621315", "31.764897959183674", "32.25251700680272", "32.71691609977324", "33.18131519274377", "33.645714285714284", "34.13333333333333", "34.59773242630386", "35.085351473922906", "35.54975056689342", "36.03736961451247", "36.501768707482995", "36.96616780045351", "37.430566893424036", "37.918185941043085", "38.38258503401361", "38.846984126984125", "39.31138321995465", "39.7990022675737", "40.263401360544215", "40.72780045351474", "41.16897959183674", "41.65659863945578", "42.09777777777778", "42.58539682539683", "43.049795918367344", "43.53741496598639", "43.97859410430839", "44.46621315192744", "44.90739229024943", "45.39501133786848", "45.859410430839006", "46.32380952380952", "46.78820861678005", "47.275827664399095", "47.74022675736961", "48.204625850340136", "48.66902494331066", "49.13342403628118", "49.5978231292517", "50.08544217687075", "50.52662131519274", "51.01424036281179", "51.478639455782314", "51.96625850340136", "52.407437641723355", "52.895056689342404", "53.35945578231293", "53.823854875283445", "54.28825396825397", "57.12108843537415", "57.608707482993196", "58.049886621315196", "58.53750566893424", "59.00190476190476", "59.48952380952381", "59.953922902494334", "60.41832199546485", "60.9059410430839", "61.39356009070295", "61.85795918367347", "64.69079365079365", "65.1784126984127", "65.6195918367347", "66.10721088435375", "66.59482993197278", "67.0592290249433", "67.52362811791383", "67.98802721088435", "68.40598639455783", "68.80072562358276", "69.19546485260771", "69.6366439909297", "70.10104308390022", "70.58866213151927", "71.07628117913832", "71.54068027210884", "71.98185941043084", "72.42303854875283", "72.86421768707483", "75.11655328798186", "75.60417233560091", "76.09179138321996", "76.579410430839", "77.06702947845805", "77.5546485260771", "78.04226757369615", "78.50666666666666", "78.97106575963718", "79.45868480725623", "79.92308390022676", "80.38748299319728", "80.8518820861678", "81.33950113378685", "81.78068027210884", "82.26829931972789", "82.73269841269841", "83.19709750566894", "83.66149659863946", "84.12589569160998", "84.5902947845805", "85.05469387755102", "85.51909297052154", "86.00671201814059", "86.44789115646259", "86.93551020408164", "87.39990929705215", "87.8875283446712", "88.35192743764172", "88.81632653061224", "89.28072562358277", "89.76834467120182", "90.23274376417234", "90.72036281179139", "91.1847619047619", "91.64916099773242", "92.09034013605442", "92.57795918367347", "93.042358276644", "93.50675736961452", "93.97115646258503", "94.43555555555555", "94.89995464852608", "95.3643537414966", "95.82875283446712", "96.29315192743765", "96.78077097505668", "97.2451700680272", "97.70956916099773", "98.17396825396825", "98.63836734693878", "99.1027664399093", "99.56716553287981", "100.05478458049886", "100.49596371882086", "100.96036281179138", "101.42476190476191", "101.88916099773243", "102.35356009070294", "102.81795918367347", "103.28235827664399", "103.76997732426304", "104.21115646258504", "104.69877551020409", "105.62757369614512", "106.11519274376417", "106.57959183673469", "107.53160997732427", "107.99600907029479", "108.4604081632653", "108.92480725623582", "109.38920634920635", "109.85360544217687", "110.3180045351474", "110.80562358276644", "111.27002267573697", "111.73442176870748", "112.198820861678", "112.66321995464853", "113.12761904761905", "113.59201814058957", "114.0564172335601", "114.98521541950113", "115.47283446712018", "115.9372335600907", "116.40163265306123", "116.88925170068028", "117.3536507936508", "118.30566893424036", "118.77006802721088", "119.2344671201814", "119.72208616780046", "120.18648526077098", "120.6508843537415", "121.11528344671201", "121.57968253968254", "122.04408163265306", "122.53170068027211", "122.99609977324263", "123.46049886621316", "123.92489795918367", "124.41251700680272", "124.85369614512472", "125.31809523809524", "125.78249433106576", "126.24689342403629", "126.7112925170068", "127.19891156462585", "127.66331065759637", "128.15092970521542", "128.61532879818594", "129.07972789115647", "129.52090702947845", "130.0085260770975", "130.47292517006804", "130.96054421768707", "131.4249433106576", "131.88934240362812", "132.35374149659864", "132.81814058956917", "133.2825396825397", "133.77015873015873", "134.2113378684807", "134.67573696145124", "135.14013605442176", "135.60453514739228", "136.0689342403628", "136.53333333333333", "136.99773242630386", "137.46213151927438", "137.9265306122449", "138.3677097505669", "138.8321088435374", "139.31972789115648", "139.76090702947846", "140.22530612244898", "140.6897052154195", "141.17732426303854", "141.64172335600907", "142.1061224489796", "142.57052154195011", "143.03492063492064", "143.49931972789116", "143.9637188208617", "144.40489795918367", "144.89251700680273", "145.38013605442177", "145.8445351473923", "146.30893424036282", "146.77333333333334", "147.23773242630386", "147.7021315192744", "148.16653061224488", "150.99936507936508", "151.48698412698414", "151.95138321995464", "152.4390022675737", "152.90340136054422", "153.36780045351475", "153.83219954648527", "154.2965986394558", "154.7609977324263", "155.24861678004535", "155.71301587301588", "158.52263038548753", "159.01024943310657", "159.4746485260771", "159.96226757369615", "160.4498866213152", "160.9142857142857", "161.37868480725623", "161.81986394557822", "162.30748299319728", "162.8647619047619", "163.42204081632653", "163.88643990929705", "164.3740589569161", "164.86167800453515", "165.32607709750567", "165.76725623582766", "166.20843537414967", "166.64961451247166", "168.41433106575963", "168.85551020408164", "169.34312925170067", "169.8075283446712", "170.29514739229026", "170.75954648526078", "171.24716553287982", "171.71156462585034", "172.17596371882087", "172.6403628117914", "173.12798185941043", "173.6156009070295", "174.08", "174.5443990929705", "175.03201814058957", "175.4964172335601", "175.96081632653062", "176.42521541950114", "176.91283446712018", "177.3772335600907", "177.84163265306123", "178.32925170068026", "178.81687074829932", "179.28126984126985", "179.74566893424037", "180.2100680272109", "180.67446712018142", "181.1388662131519", "181.60326530612244", "182.06766439909296", "182.5320634920635", "183.01968253968255", "183.50730158730158", "183.9484807256236", "184.43609977324263", "184.90049886621316", "185.36489795918368", "185.80607709750566", "186.29369614512473", "186.75809523809525", "187.22249433106575", "187.68689342403627", "188.1512925170068", "188.61569160997732", "189.08009070294784", "189.54448979591837", "189.98566893424035", "190.45006802721088", "190.93768707482994", "191.40208616780046", 