{"songID": "7021343", "emotion": 0, "chorus": [[113.785, 115.37299999999999], [121.677, 123.68900000000001], [172.57999999999998, 175.076]], "intro": [0, 40.084], "re_intro": [[72.23800000000001, 80.935], [130.11599999999999, 148.056]], "outro": [203.302, 210.5770068027211], "H_rhythm": ["0.6965986394557823", "1.6718367346938776", "2.716734693877551", "12.283356009070294", "13.351473922902494", "14.349931972789115", "20.48", "21.501678004535147", "22.523356009070294", "23.54503401360544", "24.56671201814059", "25.56517006802721", "26.563628117913833", "27.58530612244898", "28.606984126984127", "29.60544217687075", "30.627120181405896", "31.62557823129252", "32.64725623582766", "33.645714285714284", "34.690612244897956", "35.68907029478458", "36.73396825396826", "37.73242630385487", "38.75410430839002", "39.77578231292517", "40.79746031746032", "41.795918367346935", "42.840816326530614", "43.83927437641724", "44.88417233560091", "45.88263038548753", "46.90430839002268", "47.925986394557825", "48.94766439909297", "49.96934240362812", "50.991020408163266", "51.98947845804989", "53.011156462585035", "54.03283446712018", "55.031292517006804", "56.05297052154195", "57.0746485260771", "58.07310657596372", "59.09478458049887", "60.09324263038549", "61.11492063492064", "62.15981859410431", "63.181496598639455", "64.2031746031746", "65.22485260770975", "66.2465306122449", "67.26820861678004", "68.26666666666667", "69.28834467120181", "70.31002267573696", "71.3317006802721", "72.33015873015873", "73.35183673469388", "74.3502947845805", "75.37197278911565", "76.39365079365079", "77.41532879818594", "78.43700680272109", "79.43546485260771", "80.45714285714286", "81.50204081632653", "82.52371882086167", "83.54539682539682", "84.56707482993197", "85.58875283446712", "86.58721088435374", "87.58566893424036", "88.58412698412698", "89.60580498866213", "90.6507029478458", "91.64916099773242", "92.67083900226757", "93.69251700680272", "94.69097505668934", "95.71265306122449", "96.71111111111111", "97.73278911564626", "98.77768707482993", "99.79936507936507", "100.82104308390022", "101.84272108843537", "102.86439909297052", "103.86285714285714", "104.86131519274376", "105.90621315192743", "106.90467120181405", "107.9263492063492", "108.94802721088435", "109.9697052154195", "110.99138321995464", "111.98984126984126", "113.01151927437641", "114.0564172335601", "115.0548752834467", "116.07655328798187", "117.07501133786847", "118.0734693877551", "119.09514739229024", "120.11682539682539", "121.13850340136054", "122.16018140589568", "123.18185941043085", "124.203537414966", "125.22521541950114", "126.22367346938775", "127.22213151927437", "128.26702947845806", "129.2887074829932", "130.31038548752835", "131.3320634920635", "132.35374149659864", "133.35219954648525", "134.3506575963719", "135.37233560090704", "136.39401360544218", "137.41569160997733", "138.41414965986394", "139.43582766439908", "140.45750566893423", "141.47918367346938", "142.47764172335602", "143.49931972789116", "144.5209977324263", "145.54267573696146", "146.5875736961451", "147.4699319727891", "148.5380498866213", "149.6061678004535", "150.6510657596372", "151.6495238095238", "152.69442176870749", "153.71609977324263", "154.71455782312924", "155.7362358276644", "156.73469387755102", "157.75637188208617", "158.77804988662132", "159.79972789115646", "160.79818594104307", "161.81986394557822", "162.84154195011337", "163.8632199546485", "164.88489795918366", "165.8833560090703", "166.90503401360544", "167.9267120181406", "168.9251700680272", "169.94684807256235", "170.9685260770975", "171.99020408163264", "173.0118820861678", "174.01034013605442", "175.05523809523808", "176.05369614512472", "177.07537414965986", "178.097052154195", "179.11873015873016", "180.1404081632653", "181.1388662131519", "183.1822222222222", "184.18068027210884", "185.17913832199545", "186.2008163265306", "187.22249433106575", "188.2441723356009", "189.26585034013604", "190.28752834467122", "191.30920634920636", "192.30766439909297", "193.32934240362812", "194.32780045351473", "195.3726984126984"], "L_rhythm": ["0.18575963718820862", "1.0216780045351475", "12.84063492063492", "20.96761904761905", "21.13015873015873", "21.36235827664399", "21.61777777777778", "21.873197278911565", "30.116281179138323", "37.29124716553288", "40.263401360544215", "41.308299319727894", "41.54049886621315", "42.60861678004535", "44.373333333333335", "46.32380952380952", "46.672108843537416", "47.18294784580499", "48.4368253968254", "49.458503401360545", "50.50340136054422", "51.50185941043084", "52.523537414965986", "53.52199546485261", "55.54213151927438", "55.797551020408164", "56.30839002267574", "72.07473922902494", "72.19083900226758", "72.44625850340137", "72.70167800453515", "82.0128798185941", "84.0562358276644", "85.07791383219954", "86.07637188208616", "87.07482993197279", "88.3287074829932", "92.18321995464852", "92.41541950113378", "93.15845804988662", "94.43555555555555", "96.85043083900227", "100.31020408163265", "112.89541950113379", "114.54403628117913", "115.54249433106575", "117.56263038548752", "118.56108843537415", "118.83972789115646", "119.60598639455782", "120.62766439909296", "120.88308390022675", "125.45741496598639", "127.47755102040816", "129.79954648526078", "146.4714739229025", "146.95909297052154", "147.7253514739229", "150.09378684807257", "152.04426303854876", "152.16036281179137", "153.46068027210885", "153.97151927437642", "154.2269387755102", "154.482358276644", "155.2253968253968", "160.31056689342404", "161.30902494331065", "163.7471201814059", "164.23473922902494", "168.29823129251702", "169.66820861678005", "170.45768707482992", "171.47936507936507", "177.58621315192744", "179.88498866213152", "180.02430839002267", "180.25650793650794", "180.3958276643991", "180.51192743764173", "185.66675736961452", "185.9453968253968", "188.38349206349207", "188.49959183673468", "188.63891156462586", "194.60643990929705", "196.4175963718821"], "section": [[40.084, 72.23800000000001], [80.935, 113.465], [113.785, 115.37299999999999], [121.677, 123.68900000000001], [148.056, 166.208], [172.57999999999998, 175.076], [180.803, 203.302]]}