{"songID": "7036564", "emotion": 5, "chorus": [[121.464, 126.68299999999999], [166.07, 171.659]], "intro": [0, 16.277], "re_intro": [[77.396, 91.152], [152.87499999999997, 164.803]], "outro": [215.361, 243.52897959183673], "H_rhythm": ["11.493877551020407", "11.935056689342403", "29.280362811791385", "29.76798185941043", "30.232380952380954", "46.18448979591837", "46.64888888888889", "47.09006802721088", "48.042086167800456", "48.50648526077097", "48.970884353741496", "49.412063492063496", "49.87646258503401", "50.36408163265306", "50.85170068027211", "51.316099773242634", "51.78049886621315", "52.244897959183675", "52.70929705215419", "53.173696145124715", "53.63809523809524", "54.102494331065756", "54.56689342403628", "55.031292517006804", "55.51891156462585", "55.98331065759637", "56.447709750566894", "56.91210884353742", "57.376507936507934", "57.84090702947846", "58.32852607709751", "58.792925170068024", "59.25732426303855", "59.72172335600907", "60.20934240362812", "60.67374149659864", "61.161360544217686", "61.62575963718821", "62.09015873015873", "62.577777777777776", "63.018956916099775", "63.48335600907029", "63.97097505668934", "64.43537414965986", "64.89977324263039", "65.38739229024944", "65.85179138321996", "66.31619047619047", "66.780589569161", "67.24498866213152", "67.70938775510204", "68.19700680272109", "68.66140589569162", "69.12580498866213", "69.59020408163265", "70.05460317460317", "70.5190022675737", "70.9601814058957", "71.42458049886622", "71.91219954648525", "72.3998185941043", "72.88743764172335", "73.35183673469388", "73.8162358276644", "74.30385487528345", "74.74503401360545", "75.2326530612245", "89.69868480725624", "90.18630385487528", "90.67392290249433", "91.16154195011337", "91.64916099773242", "92.09034013605442", "92.55473922902495", "93.01913832199547", "93.48353741496598", "93.9479365079365", "94.43555555555555", "94.9231746031746", "95.3643537414966", "95.87519274376417", "96.31637188208617", "96.75755102040816", "97.22195011337868", "97.70956916099773", "98.19718820861678", "98.6615873015873", "99.12598639455783", "99.61360544217688", "100.07800453514739", "100.54240362811791", "100.98358276643991", "101.47120181405896", "101.91238095238096", "102.4", "102.84117913832199", "103.32879818594104", "103.81641723356009", "104.25759637188209", "104.74521541950114", "105.20961451247166", "106.16163265306122", "106.62603174603174", "107.09043083900227", "107.55482993197279", "108.01922902494331", "108.48362811791384", "108.94802721088435", "109.41242630385487", "109.8768253968254", "110.34122448979592", "110.80562358276644", "111.27002267573697", "111.757641723356", "112.24526077097505", "112.70965986394557", "113.66167800453515", "114.1492970521542", "114.61369614512472", "115.07809523809524", "115.54249433106575", "116.00689342403628", "116.4712925170068", "116.95891156462585", "117.42331065759637", "117.8877097505669", "118.35210884353741", "118.81650793650793", "119.25768707482993", "119.72208616780046", "121.13850340136054", "121.62612244897959", "122.09052154195011", "123.01931972789116", "123.48371882086168", "123.9481179138322", "124.87691609977324", "125.36453514739229", "125.82893424036281", "126.31655328798186", "126.80417233560091", "127.26857142857143", "127.73297052154194", "128.19736961451247", "128.661768707483", "129.14938775510205", "129.59056689342404", "130.05496598639456", "130.5193650793651", "130.9837641723356", "131.44816326530614", "132.37696145124715", "132.88780045351473", "133.35219954648525", "133.81659863945578", "134.2809977324263", "134.74539682539682", "135.20979591836735", "135.65097505668933", "136.1385941043084", "136.64943310657597", "137.1138321995465", "138.04263038548754", "138.50702947845804", "138.94820861678005", "139.41260770975057", "139.9002267573696", "140.38784580498867", "140.8522448979592", "141.80426303854875", "142.26866213151928", "142.7330612244898", "143.19746031746033", "143.66185941043085", "144.12625850340137", "144.59065759637187", "145.51945578231292", "145.98385487528344", "146.44825396825397", "147.40027210884352", "147.8878911564626", "148.32907029478457", "148.77024943310659", "149.2346485260771", "149.72226757369614", "150.2098866213152", "150.69750566893424", "159.59074829931973", "160.05514739229025", "160.51954648526078", "163.77034013605441", "164.23473922902494", "164.69913832199546", "165.18675736961453", "165.67437641723356", "166.1619954648526", "166.64961451247166", "167.09079365079364", "167.55519274376417", "167.99637188208618", "168.46077097505668", "168.9251700680272", "169.9004081632653", "170.38802721088436", "170.85242630385488", "173.197641723356", "173.66204081632654", "174.12643990929706", "174.5908390022676", "175.5196371882086", "176.00725623582767", "176.4716553287982", "177.40045351473924", "177.86485260770976", "178.32925170068026", "178.81687074829932", "179.28126984126985", "179.74566893424037", "182.55528344671202", "183.01968253968255", "183.48408163265307", "183.9484807256236", "184.92371882086167", "185.3881179138322", "185.8525170068027", "186.31691609977324", "186.78131519274376", "187.24571428571429", "187.7101133786848", "188.63891156462586", "189.1265306122449", "189.5677097505669", "190.0321088435374", "190.49650793650792", "190.96090702947845", "191.42530612244897", "192.40054421768707", "192.88816326530613", "193.35256235827666", "194.76897959183674", "195.23337868480726", "195.6977777777778", "196.1621768707483", "202.71020408163264", "203.1978231292517", "203.66222222222223", "210.2334693877551", "210.72108843537416", "211.18548752834468", "211.6498866213152", "212.11428571428573", "212.57868480725622", "213.04308390022675", "213.50748299319727", "213.9718820861678", "214.43628117913832", "214.90068027210884", "215.36507936507937", "215.8526984126984", "216.31709750566893", "216.804716553288", "217.2691156462585", "217.73351473922904", "218.19791383219956", "218.66231292517006", "219.14993197278912", "219.61433106575964", "220.10195011337868", "220.5663492063492", "221.03074829931973", "221.4719274376417", "221.93632653061223", "222.40072562358276", "222.86512471655328", "223.3063038548753"], "L_rhythm": ["49.22630385487528", "51.1071201814059", "51.594739229024945", "53.011156462585035", "56.610249433106574", "60.00036281179138", "60.51120181405896", "69.86884353741496", "75.02367346938776", "92.39219954648526", "92.87981859410431", "94.2962358276644", "96.15383219954649", "96.47891156462585", "96.61823129251701", "99.75292517006802", "99.91546485260771", "100.37986394557824", "101.7730612244898", "103.65387755102041", "103.95573696145125", "104.0950566893424", "109.71428571428571", "110.17868480725623", "119.09514739229024", "125.22521541950114", "126.6184126984127", "130.3568253968254", "134.1184580498866", "145.82131519274375", "149.53650793650795", "165.48861678004536", "167.857052154195", "182.85714285714286", "190.33396825396827", "216.61895691609976", "220.380589569161", "222.23818594104307", "223.1437641723356", "223.79392290249433"], "section": [[30.253, 44.247], [52.268, 57.237], [57.395, 59.218], [59.778, 68.587], [68.997, 71.008], [71.408, 77.396], [105.20400000000001, 119.185], [121.464, 126.68299999999999], [127.261, 132.25799999999998], [132.395, 134.27], [134.736, 143.62300000000002], [143.982, 146.02], [146.43, 152.87499999999997], [166.07, 171.659], [177.375, 179.232], [179.765, 188.59], [188.996, 190.941], [194.966, 203.616], [206.392, 215.361]]}