{"songID": "7000948", "emotion": 5, "chorus": [[88.705, 119.00699999999999], [210.554, 240.59099999999998], [241.232, 272.585]], "intro": [0, 25.043], "re_intro": [[119.00699999999999, 150.65800000000002]], "outro": [272.585, 296.6649886621315], "H_rhythm": ["26.9815873015873", "27.93360544217687", "28.88562358276644", "29.837641723356008", "30.789659863945577", "31.741678004535146", "32.69369614512472", "33.645714285714284", "34.59773242630386", "35.54975056689342", "36.501768707482995", "37.45378684807256", "38.40580498866213", "39.3578231292517", "40.30984126984127", "41.26185941043084", "42.21387755102041", "43.165895691609975", "44.11791383219955", "45.069931972789114", "46.021950113378686", "46.97396825396825", "47.925986394557825", "48.87800453514739", "49.83002267573696", "50.78204081632653", "51.66439909297052", "52.63963718820862", "53.614875283446715", "54.590113378684805", "55.5653514739229", "56.49414965986394", "57.446167800453516", "60.279002267573695", "61.25424036281179", "62.20625850340136", "63.15827664399093", "64.1102947845805", "65.06231292517006", "66.01433106575963", "66.96634920634921", "67.91836734693878", "68.87038548752834", "69.82240362811791", "70.77442176870748", "71.72643990929706", "73.63047619047619", "74.58249433106576", "75.53451247165533", "77.43854875283446", "78.41378684807256", "79.36580498866213", "80.3178231292517", "81.26984126984127", "82.22185941043084", "83.17387755102041", "84.12589569160998", "85.05469387755102", "86.02993197278911", "86.98195011337869", "87.93396825396826", "88.8627664399093", "89.83800453514739", "90.79002267573696", "91.74204081632654", "92.6940589569161", "93.64607709750567", "94.59809523809524", "95.55011337868481", "96.50213151927437", "97.45414965986394", "98.40616780045352", "99.35818594104309", "100.31020408163265", "101.26222222222222", "102.2142403628118", "103.16625850340137", "104.11827664399092", "105.0702947845805", "106.02231292517007", "106.97433106575964", "107.9263492063492", "108.87836734693877", "109.83038548752835", "110.78240362811792", "111.73442176870748", "112.68643990929705", "113.63845804988662", "114.5904761904762", "115.54249433106575", "116.49451247165533", "121.25460317460318", "122.20662131519275", "123.1586394557823", "124.06421768707483", "127.70975056689342", "128.63854875283448", "129.59056689342404", "132.44662131519274", "133.3986394557823", "134.3738775510204", "136.4172335600907", "137.46213151927438", "138.39092970521543", "139.34294784580499", "142.1990022675737", "143.1742403628118", "144.10303854875283", "145.0550566893424", "146.00707482993198", "146.95909297052154", "147.9111111111111", "148.8863492063492", "149.81514739229024", "150.76716553287983", "151.74240362811793", "152.67120181405895", "153.62321995464853", "154.5752380952381", "155.52725623582765", "156.50249433106575", "157.4312925170068", "158.38331065759638", "159.33532879818594", "160.2873469387755", "161.2393650793651", "162.19138321995464", "163.16662131519274", "164.1186394557823", "165.04743764172335", "165.99945578231294", "166.97469387755103", "167.9267120181406", "168.87873015873015", "169.83074829931974", "170.7827664399093", "171.73478458049885", "172.68680272108844", "173.6156009070295", "174.5908390022676", "175.54285714285714", "176.4948752834467", "177.42367346938775", "178.39891156462585", "179.3509297052154", "180.302947845805", "181.25496598639455", "182.20698412698414", "183.1590022675737", "184.11102040816326", "185.06303854875284", "186.0150566893424", "186.96707482993196", "187.91909297052155", "188.8711111111111", "189.8231292517007", "190.77514739229025", "191.7271655328798", "192.6791836734694", "193.63120181405895", "194.5832199546485", "195.5352380952381", "196.48725623582766", "197.43927437641725", "198.3912925170068", "199.34331065759636", "200.29532879818595", "201.2473469387755", "202.19936507936507", "203.15138321995465", "204.1034013605442", "205.0554195011338", "206.00743764172336", "206.95945578231292", "207.9114739229025", "208.86349206349206", "209.81551020408162", "210.74430839002267", "211.71954648526076", "212.67156462585035", "213.6235827664399", "214.57560090702947", "215.52761904761905", "216.4796371882086", "217.43165532879817", "218.38367346938776", "219.33569160997732", "220.2877097505669", "221.23972789115646", "222.19174603174602", "223.1437641723356", "224.09578231292517", "225.04780045351475", "225.9998185941043", "226.95183673469387", "227.90385487528346", "228.85587301587302", "229.80789115646257", "230.75990929705216", "231.71192743764172", "232.6639455782313", "233.61596371882086", "234.56798185941042", "235.52", "236.47201814058957", "237.42403628117913", "238.3760544217687", "239.32807256235827", "240.30331065759637", "241.23210884353742", "242.20734693877552", "243.13614512471656", "243.85596371882087", "244.87764172335602", "245.89931972789117", "246.94421768707483", "247.8962358276644", "248.84825396825397", "249.80027210884353", "250.75229024943312", "251.70430839002267", "252.65632653061223", "253.60834467120182", "254.56036281179138", "255.51238095238097", "256.4643990929705", "257.4396371882086", "258.3916553287982", "259.32045351473926", "260.2724716553288", "261.2244897959184", "262.17650793650796", "263.15174603174603", "264.1037641723356", "265.05578231292515", "266.00780045351473", "266.9598185941043", "267.91183673469385", "268.887074829932", "271.78956916099776", "272.7648072562358", "273.7168253968254", "274.6920634920635", "275.6673015873016", "276.6425396825397", "277.59455782312926", "282.4475283446712"], "L_rhythm": ["31.509478458049887", "38.87020408163265", "39.10240362811791", "39.59002267573696", "39.84544217687075", "40.07764172335601", "42.91047619047619", "43.39809523809524", "43.885714285714286", "53.15047619047619", "55.077732426303854", "56.98176870748299", "88.63056689342403", "89.35038548752834", "96.26993197278911", "101.98204081632653", "103.39845804988663", "111.50222222222222", "116.0301133786848", "121.7190022675737", "133.14321995464852", "147.67891156462585", "162.9344217687075", "166.71927437641725", "169.57532879818595", "180.76734693877552", "195.2798185941043", "195.99963718820862", "209.09569160997734", "209.35111111111112", "209.58331065759637", "210.51210884353742", "211.23192743764173", "213.15918367346939", "216.24743764172337", "220.05551020408163", "225.28", "228.62367346938777", "237.9116553287982", "238.86367346938775", "239.09587301587302", "239.81569160997734", "240.04789115646258", "240.7677097505669", "241.71972789115645", "242.43954648526076", "244.32036281179137", "245.52780045351474", "254.32816326530613", "255.04798185941044", "256.0", "261.7121088435374", "263.6161451247166", "268.39945578231294", "272.53260770975055", "283.44598639455785"], "section": [[25.043, 87.962], [88.705, 119.00699999999999], [150.65800000000002, 209.923], [210.554, 240.59099999999998], [241.232, 272.585]]}