{"\u5f53": [0.0, 20.549659729, 34.3423118591, 45.5111083984, 52.1984558105, 69.0561447144, 78.0654830933, 94.7838516235, 104.164710999, 118.317276001, 137.137054443, 162.075286865, 168.48399353, 181.754196167, 193.329345703, 207.470291138, 226.30166626, 239.606704712, 256.743041992, 270.930419922, 282.91192627, 293.063995361], "\u76f8\u4fe1\u81ea\u5df1": [0.0, 5.50312900543, 13.873922348, 21.4552383423, 30.6038990021, 38.7192726135, 55.5189094543, 72.2953262329, 80.9563674927, 96.6878890991, 114.021583557, 127.210517883, 148.096862793, 164.850067139, 180.616409302, 194.827026367, 210.599975586], "\u6211\u76f8\u4fe1": [0.0, 16.2307472229, 35.514919281, 66.049156189, 89.0949630737, 111.595100403, 124.43573761, 143.197463989, 165.69758606, 182.299865723, 201.59564209, 223.004440308, 244.91998291], "\u738b\u5983": [0.0, 12.8986845016, 41.7378692627, 66.3045806885, 82.3727874756, 97.976600647, 123.019317627, 139.087524414, 154.691329956, 170.747940063, 185.411331177, 202.431564331, 218.05859375, 224.063995361], "\u5927\u7b11\u6c5f\u6e56": [0.0, 22.616235733, 31.7997264862, 59.9655303955, 79.5631713867, 99.1492080688, 110.782402039, 137.102218628, 158.534240723, 178.131881714, 197.102584839, 213.599975586], "\u7ea2\u73ab\u7470": [0.0, 7.66258478165, 15.1626300812, 30.1627197266, 46.1032180786, 60.1164627075, 75.1513824463, 98.1275253296, 105.163169861, 120.592834473, 135.140136719, 150.140228271, 165.163528442, 180.128799438, 196.58013916, 207.748931885, 219.08026123, 237.853607178, 243.527984619], "\u65e5\u4e0d\u843d": [0.0, 4.3073015213, 13.6997728348, 22.6046257019, 38.0807266235, 52.5931968689, 59.1644439697, 67.1288909912, 75.1049423218, 82.5933761597, 97.6050796509, 104.629112244, 112.12915802, 120.093605042, 127.605255127, 142.60534668, 157.593826294, 164.629470825, 172.129516602, 180.569976807, 187.129608154, 202.594100952, 210.581771851, 217.164627075, 221.591995239], "\u5317\u4eac\u5317\u4eac": [0.0, 10.2051696777, 17.3685264587, 30.8128795624, 43.7928352356, 53.6264839172, 60.3602714539, 74.2574157715, 95.7358703613, 108.715827942, 159.312103271, 189.312286377, 202.686981201, 212.601898193, 247.083526611, 259.610687256, 312.888885498, 333.508209229, 341.553924561, 352.757537842, 357.743988037], "\u8fc7\u706b": [0.0, 17.426574707, 25.0543308258, 58.8625831604, 66.9663467407, 88.8627624512, 103.143035889, 118.839729309, 149.803527832, 158.383300781, 180.279724121, 189.323898315, 211.220306396, 238.840454102, 256.94039917, 270.326721191, 280.961456299, 296.664001465], "\u6211\u7684\u597d\u5144\u5f1f": [0.0, 9.67111110687, 16.1030387878, 31.1147384644, 57.2604064941, 81.6645812988, 112.97668457, 121.962806702, 129.253875732, 140.829025269, 162.679000854, 169.122543335, 190.949295044, 222.249786377, 248.418685913, 256.963623047, 268.643249512, 275.423980713], "\u5ffd\u7136\u4e4b\u95f4": [0.0, 26.563627243, 72.1908340454, 85.6932373047, 103.955734253, 115.681808472, 130.04335022, 141.769424438, 156.572158813, 170.910476685, 183.530517578, 198.809249878, 204.095993042], "\u5012\u5e26": [0.0, 13.6068935394, 30.6038990021, 42.1209983826, 72.9570999146, 88.1313400269, 101.494422913, 117.121452332, 152.067474365, 175.11328125, 190.705490112, 208.677734375, 224.351196289, 258.020141602, 263.015991211], "\u4e0d\u518d\u72b9\u8c6b": [0.0, 4.35374164581, 12.9799547195, 41.88879776, 50.4337387085, 66.200088501, 80.2133331299, 109.226661682, 123.692695618, 137.299591064, 161.599273682, 175.217773438, 182.868743896, 204.614242554, 215.272201538, 224.211883545, 232.74520874, 246.804885864, 255.477554321], "\u604b\u7231ing": [0.0, 8.78875255585, 31.3469390869, 55.1009521484, 77.6359176636, 101.378318787, 111.734420776, 121.486801147, 137.914916992, 160.473098755, 177.359970093], "\u6211\u4eec\u7684\u7231": [0.0, 9.97297000885, 39.9034919739, 58.0266647339, 86.2505187988, 104.780044556, 117.551017761, 132.144760132, 147.133239746, 161.738586426, 173.603988647, 184.250335693, 200.295318604, 235.194915771, 249.765441895, 265.206695557, 273.589111328, 287.207611084, 294.057495117, 306.445343018, 321.004241943, 330.269012451, 340.857330322, 353.519989014], "\u5341\u5e74": [0.0, 16.9389572144, 32.1480255127, 48.3787727356, 63.3440361023, 77.8565063477, 148.990829468, 169.308303833, 179.954650879, 192.563079834, 205.343994141], "\u4f60\u662f\u6211\u7684\u773c": [0.0, 9.32281208038, 18.9474830627, 27.6781845093, 30.0930614471, 39.3113822937, 67.3843078613, 106.533149719, 122.020858765, 136.068939209, 152.53187561, 167.508743286, 178.155105591, 190.72869873, 206.228027344, 245.411697388, 261.398620605, 274.889434814, 283.343994141], "\u56e0\u4e3a\u7231\u60c5": [0.0, 4.20281171799, 14.4195919037, 45.650428772, 58.0847167969, 71.2155990601, 78.796913147, 93.2048950195, 101.331878662, 113.290153503, 123.50693512, 132.353744507, 145.681991577, 166.440628052, 194.443893433, 210.628204346, 219.062850952], "\u7231\u60c5\u8f6c\u79fb": [0.0, 13.9319725037, 24.2764625549, 40.2053489685, 61.3703384399, 75.638999939, 92.9494781494, 140.434280396, 158.174331665, 173.476272583, 184.064575195, 201.711746216, 219.115097046, 250.694229126, 255.695983887], "\u7231": [0.0, 37.9181861877, 50.3873023987, 65.5963668823, 81.2930603027, 96.525352478, 118.166343689, 126.455871582, 141.688156128, 154.157272339, 168.901947021, 184.111022949, 204.869659424, 219.660766602, 235.334228516, 256.104003906], "\u540e\u6765": [0.0, 17.1595458984, 24.7873020172, 44.0018119812, 51.1883888245, 57.608707428, 69.6366424561, 102.469657898, 110.085800171, 140.921905518, 185.411331177, 205.798446655, 249.869934082, 280.299682617, 293.918182373, 308.337768555, 317.950836182, 333.972595215, 339.311981201], "\u4eca\u5929\u4f60\u8981\u5ac1\u7ed9\u6211": [0.0, 6.84988641739, 19.7253513336, 40.1473007202, 52.0126991272, 63.227935791, 84.3348770142, 106.742126465, 125.852149963, 136.40562439, 146.959091187, 168.716186523, 189.823120117, 212.230377197, 233.999084473, 255.094421387, 266.95980835, 282.343048096, 291.887969971], "\u4f1a\u547c\u5438\u7684\u75db": [0.0, 24.9962806702, 40.0079803467, 57.2836265564, 74.4199523926, 92.5895690918, 108.170158386, 131.215957642, 145.14793396, 163.886444092, 179.954650879, 198.170700073, 212.636734009, 250.647796631, 282.401092529, 291.363983154, 306.700775146, 315.820404053], "\u5973\u4eba\u82b1": [0.0, 16.637096405, 31.0218582153, 50.2247619629, 57.4113349915, 82.6398162842, 93.0191345215, 111.397727966, 121.092063904, 127.779411316, 150.987747192, 175.775054932, 203.778320312, 212.11428833, 221.704116821, 231.677093506, 244.924072266, 260.922637939, 266.015991211], "\u6696\u6696": [0.0, 7.99927425385, 40.7626304626, 52.8950538635, 68.0344696045, 79.8069839478, 96.5601806641, 104.652336121, 152.520263672, 161.750198364, 171.560638428, 188.290603638, 229.831100464, 276.572875977, 287.521087646, 300.501037598, 314.084716797, 323.326263428, 336.05078125, 344.423980713], "\u6700\u70ab\u6c11\u65cf\u98ce": [0.0, 8.46367359161, 22.6394557953, 57.5970954895, 71.7728805542, 86.8890686035, 99.1724243164, 148.781860352, 162.481628418, 178.073822021, 199.80770874, 213.031463623, 229.08807373, 245.632278442, 254.130783081, 277.757080078, 285.791992188], "\u540c\u684c\u7684\u4f60": [0.0, 6.19972801208, 20.0736503601, 35.3407707214, 54.3230819702, 66.385848999, 80.3178253174, 96.1538314819, 109.447257996, 123.437278748, 141.130874634, 155.713012695, 170.260314941, 184.87727356, 200.597183228, 209.015991211], "\u751c\u871c\u871c": [0.0, 9.61306095123, 53.2897949219, 60.8362808228, 68.8819961548, 76.9741516113, 103.72353363, 121.579681396, 146.750106812, 154.761001587, 162.748657227, 170.713104248, 196.928436279, 204.67199707], "\u5927\u6d77": [0.0, 4.62077093124, 16.0682086945, 66.5832214355, 88.1893844604, 110.468933105, 182.903579712, 207.981124878, 229.598907471, 268.724517822, 277.776000977], "\u5927\u57ce\u5c0f\u7231": [0.0, 13.3166437149, 27.9103851318, 43.432926178, 74.9191818237, 105.488250732, 141.525619507, 171.165893555, 199.947021484, 212.137496948, 221.663986206]}